fecha,nivel_institucional,entidad_id,entidad_nombre,programa,proyecto,actividad,categoria,descripcion,grupo_1,grupo_2,grupo_3,grupo_4,grupo_5,grupo_6,grupo_7,grupo_8,grupo_9,total
2008,OE,10,Ministerio de Relaciones Exteriores y Cultos,0,0,1,GESTION POLITICA Y ADMINISTRATIVA DEL SERV. DE REL  EXT.,ACT. DE LA DIRECCION SUPERIOR Y ADMI. CENTRAL,8883806,14258547,1598826,480402,0,0,0,0,0,25221581
2008,OE,10,Ministerio de Relaciones Exteriores y Cultos,10,0,1,"FORT. DE LAS RELACIONES INT. AMBITO POLITICO, SOCIAL Y CULTU",ACT. DEL VICEMNISTERI DE RREE Y CULTOS,9722105,2186800,848984,266000,0,0,0,0,0,13023889
2008,OE,10,Ministerio de Relaciones Exteriores y Cultos,11,0,1,FORT. DE LAS RELACIONES INT. AMBITO ECONÓMICO COMERCIAL,ACT. DEL VICEMNISTERIO DE RELACIONES ECONOMICAS Y COM. EXT.,4140156,2259911,469329,218207,0,0,0,0,0,7087603
2008,OE,10,Ministerio de Relaciones Exteriores y Cultos,12,0,1,FORT. DE LAS RR BILATERALES Y APOYO AL CIUDADANO BOLIVIANO,"ACT. DEL SERV. DIPLOMÁTICO, CONSULAR Y AGREG. COMERC.",102622523,34155437,1822503,0,0,0,0,0,0,138600463
2008,OE,10,Ministerio de Relaciones Exteriores y Cultos,13,0,1,ADM. DE LOS RECURSOS NAT. COMPARTIDOS DEL SIST. TDPS,ACT. DE LA AUTORIDAD BINACIONAL LAGO TITICACA,240920,235859,60085,0,0,0,0,0,0,536864
2008,OE,10,Ministerio de Relaciones Exteriores y Cultos,14,0,1,APOYO AL DESARROLLO DE LOS VALORES HUMANOS,ACT. DEL SERVICIO NACIONAL DE CULTOS,2817832,0,0,0,0,0,0,0,0,2817832
2008,OE,10,Ministerio de Relaciones Exteriores y Cultos,15,0,1,POLITICAS ANTIDROGAS,ACT. DE LA SECRETARIA DE COORDINACION DEL CONALTID,0,1508889,142000,22352,0,0,0,0,0,1673241
2008,OE,10,Ministerio de Relaciones Exteriores y Cultos,19,0,1,FORTALECIMIENTO DE LA CAPACIDAD TÉCNICA NEGOCIADORA,ACT. FORT. DE LA CAPACIDAD TECNICA NEGOCIADORA,0,2261606,0,165701,0,0,0,0,0,2427307
2008,OE,10,Ministerio de Relaciones Exteriores y Cultos,20,0,1,FORT.  DE LA GESTION RELACIONADA CON EL COMERCIO EX,ACT. DEL PROG. DE DESARROLLO DEL COM. Y PROM. DE LAS INVE.,0,10300798,211668,15396,0,0,0,0,0,10527862
2008,OE,10,Ministerio de Relaciones Exteriores y Cultos,24,0,1,TRATADO DE COMERCIO DE LOS PUEBLOS,ACT- DEL TRATADO DE COMERCIO DE LOS PUEBLOS,711757,508863,80232,57793,0,0,0,0,0,1358645
2008,OE,10,Ministerio de Relaciones Exteriores y Cultos,98,0,1,GASTOS DE TRANSFERENCIAS,GASTOS DE TRANSFERENCIAS,0,0,0,0,0,0,5743,0,0,5743
2008,OE,15,Ministerio de Gobierno,0,0,1,ADMINISTRACION GENERAL DE LA SEGURIDAD,ADMINISTRACION INSTITUCIONAL,12080003,6911138,3531447,470418,0,0,31329,100000,0,23124335
2008,OE,15,Ministerio de Gobierno,0,0,2,ADMINISTRACION GENERAL DE LA SEGURIDAD,ADMINISTRACION DE RECAUDACIONES,0,2375400,1747880,238619,0,0,0,0,0,4361899
2008,OE,15,Ministerio de Gobierno,0,1,0,ADMINISTRACION GENERAL DE LA SEGURIDAD,CONST. POLICIA COMUNITARIA PARA VIVIR BIEN,0,0,0,745000,0,0,0,0,0,745000
2008,OE,15,Ministerio de Gobierno,0,2,0,ADMINISTRACION GENERAL DE LA SEGURIDAD,DIAGN. MODULOS INTERMEDIOS DE SEGURIDAD P/CONTROL INTEGRAL,0,0,0,480000,0,0,0,0,0,480000
2008,OE,15,Ministerio de Gobierno,0,61,0,ADMINISTRACION GENERAL DE LA SEGURIDAD,CONST. FASE 2 CENTRO PENITENCIARIO YACUIBA - TARIJA,0,0,0,200000,0,0,0,0,0,200000
2008,OE,15,Ministerio de Gobierno,0,65,0,ADMINISTRACION GENERAL DE LA SEGURIDAD,CONST. FASE 1 CENTRO PENITENCIARIO BERMEJO - TARIJA,0,0,0,260000,0,0,0,0,0,260000
2008,OE,15,Ministerio de Gobierno,0,70,0,ADMINISTRACION GENERAL DE LA SEGURIDAD,CONST. FASE 1 CENTRO PENITENCIARIO  MOCOVI - BENI,0,0,0,788000,0,0,0,0,0,788000
2008,OE,15,Ministerio de Gobierno,0,71,0,ADMINISTRACION GENERAL DE LA SEGURIDAD,CONST. CARCEL DE BERMEJO SEGUNDA FASE,0,0,0,774000,0,0,0,0,0,774000
2008,OE,15,Ministerio de Gobierno,0,72,0,ADMINISTRACION GENERAL DE LA SEGURIDAD,CONST. FASE 4 CENTRO PENITENCIARIO YACUIBA - TARIJA,0,0,0,1830000,0,0,0,0,0,1830000
2008,OE,15,Ministerio de Gobierno,0,73,0,ADMINISTRACION GENERAL DE LA SEGURIDAD,CONST. FASE 3 CENTRO PENITENCIARIO MONTERO - SANTA CRUZ,0,0,0,1068000,0,0,0,0,0,1068000
2008,OE,15,Ministerio de Gobierno,0,74,0,ADMINISTRACION GENERAL DE LA SEGURIDAD,CONST. FASE 4  CENTRO PENITENCIARIO UNCIA - POTOSI,0,0,0,986000,0,0,0,0,0,986000
2008,OE,15,Ministerio de Gobierno,0,75,0,ADMINISTRACION GENERAL DE LA SEGURIDAD,CONST. CENTRO PENITENCIARIO LA PAZ,0,0,0,100000,0,0,0,0,0,100000
2008,OE,15,Ministerio de Gobierno,0,76,0,ADMINISTRACION GENERAL DE LA SEGURIDAD,CONST. MODULO POLICIAL EL TORNO,0,0,0,575000,0,0,0,0,0,575000
2008,OE,15,Ministerio de Gobierno,0,77,0,ADMINISTRACION GENERAL DE LA SEGURIDAD,CONST. MODULOS FRONTERIZOS DE SEGURIDAD,0,0,0,998000,0,0,0,0,0,998000
2008,OE,15,Ministerio de Gobierno,10,0,1,REGIMEN INTERIOR Y POLICIA,REGIMEN INTERIOR Y POLICIA,1494976,436627,76287,98163,0,0,0,0,0,2106053
2008,OE,15,Ministerio de Gobierno,10,0,2,REGIMEN INTERIOR Y POLICIA,REGIMEN PENITENCIARIO,2967545,11313377,16479636,623450,3500000,0,8792,0,0,34892800
2008,OE,15,Ministerio de Gobierno,10,0,3,REGIMEN INTERIOR Y POLICIA,SERVICIO NACIONAL DE MIGRACION,7481505,2353278,1135175,1464611,0,0,25445,0,0,12460014
2008,OE,15,Ministerio de Gobierno,10,0,5,REGIMEN INTERIOR Y POLICIA,CENTRO ESPECIAL DE SEGURIDAD DEL ESTADO,881241,1370606,1147000,113000,0,0,0,0,0,3511847
2008,OE,15,Ministerio de Gobierno,11,0,1,SEGURIDAD CIUDADANA,SEGURIDAD CIUDADANA Y PREVENCION DEL DELITO,1534094,1868154,747404,165000,0,0,0,0,0,4314652
2008,OE,15,Ministerio de Gobierno,12,0,1,ADMINISTRACION Y SERVICIOS DE DEFENSA SOCIAL CONTRA LAS DROG,DEFENSA SOCIAL,4028369,2086310,1039715,667979,0,0,0,2000,0,7824373
2008,OE,15,Ministerio de Gobierno,12,0,2,ADMINISTRACION Y SERVICIOS DE DEFENSA SOCIAL CONTRA LAS DROG,FUERZA ESPECIAL DE LUCHA CONTRA EL NARCOTRAFICO,1709313,1102448,1567020,0,0,0,0,0,0,4378781
2008,OE,15,Ministerio de Gobierno,12,0,4,ADMINISTRACION Y SERVICIOS DE DEFENSA SOCIAL CONTRA LAS DROG,BIENES INCAUTADOS,3717440,1532868,676992,514230,0,0,0,0,0,6441530
2008,OE,15,Ministerio de Gobierno,12,0,5,ADMINISTRACION Y SERVICIOS DE DEFENSA SOCIAL CONTRA LAS DROG,SUSTANCIAS CONTROLADAS,5795662,1778384,799730,4717023,0,0,17101,9000,0,13116900
2008,OE,15,Ministerio de Gobierno,13,0,1,PREVENCION DEL CRIMEN Y EL DELITO - POLICIA NACIONAL,ORDEN Y SEGURIDAD,692051052,27488755,147962645,9086514,0,0,54180911,5304,2355,930777536
2008,OE,15,Ministerio de Gobierno,13,0,2,PREVENCION DEL CRIMEN Y EL DELITO - POLICIA NACIONAL,SALUD Y BIENESTAR SOCIAL,2064351,3004498,2612930,1700000,18000,0,80000,4663200,13800,14156779
2008,OE,15,Ministerio de Gobierno,13,0,3,PREVENCION DEL CRIMEN Y EL DELITO - POLICIA NACIONAL,BATALLON DE SEGURIDAD FISICA,110092808,8612383,19530930,9884408,0,0,0,23601375,274096,171996000
2008,OE,15,Ministerio de Gobierno,13,0,4,PREVENCION DEL CRIMEN Y EL DELITO - POLICIA NACIONAL,INSTITUTO DE FORMACION POLICIAL,2656260,3291310,10496040,1966040,0,0,0,0,5000,18414650
2008,OE,15,Ministerio de Gobierno,15,0,1,TRANSPARENTACION DE GASTOS,TRANSPARENTACION DE GASTOS,0,2526393,2046426,2017890,0,0,0,0,0,6590709
2008,OE,16,Ministerio de Educación y Culturas,0,0,1,MEJORA CAPACIDAD NORMATIVA Y GERENCIAL DE LA GESTION ADM,ACTIVIDADES CENTRALES,9238630,6492943,1460209,125148,0,0,800000,8280,0,18125210
2008,OE,16,Ministerio de Educación y Culturas,0,0,2,MEJORA CAPACIDAD NORMATIVA Y GERENCIAL DE LA GESTION ADM,"VICEMINISTERIO DE EDUC.ESCOL, ALTERNATIVA Y ALFABETIZACIÓN",6078151,0,0,0,0,0,0,0,0,6078151
2008,OE,16,Ministerio de Educación y Culturas,0,0,3,MEJORA CAPACIDAD NORMATIVA Y GERENCIAL DE LA GESTION ADM,"VICEMINISTERIO DE EDUC.SUPERIOR, CIENCIA Y TECNOLOGÍA",1588375,0,0,0,0,0,0,0,0,1588375
2008,OE,16,Ministerio de Educación y Culturas,0,0,4,MEJORA CAPACIDAD NORMATIVA Y GERENCIAL DE LA GESTION ADM,VICEMINISTERIO DE DESARROLLO DE CULTURAS,4840368,2180565,604146,183898,0,0,208274,4333,0,8021584
2008,OE,16,Ministerio de Educación y Culturas,0,0,5,MEJORA CAPACIDAD NORMATIVA Y GERENCIAL DE LA GESTION ADM,ADMINISTRACIÓN POR CONVENIO (IGLESIA),636076,0,0,0,0,0,0,0,0,636076
2008,OE,16,Ministerio de Educación y Culturas,0,1,0,MEJORA CAPACIDAD NORMATIVA Y GERENCIAL DE LA GESTION ADM,MEJ. CAPACIDAD NORMATIVA Y GERENCIAL DEL MIN. EDU.,0,20529338,671651,2940058,0,0,0,42800,0,24183847
2008,OE,16,Ministerio de Educación y Culturas,10,1,0,TRANSFORMACION CURRICULAR,ESTUDIO TRANSFORMACION DE LA EDUCACION SUPERIOR,0,1466992,431211,6661725,0,0,0,0,0,8559928
2008,OE,16,Ministerio de Educación y Culturas,10,2,0,TRANSFORMACION CURRICULAR,DESAR.  TRANSF. CURRICULAR Y GES. INST. DEL S.E. PLURINAL.,0,6933013,2050844,17747255,0,0,0,0,0,26731112
2008,OE,16,Ministerio de Educación y Culturas,11,1,0,ALFABETIZACION SOSTENIDA,"DESAR. PROGRAMA NACIONAL DE ALFABETIZACION ""YO SI PUEDO""",0,9549711,15551532,2857593,0,0,0,1445000,0,29403836
2008,OE,16,Ministerio de Educación y Culturas,12,0,8,"EDUC.DE CALIDAD CON EQUIDA SOC. ETNICA,GENERO Y GENERACIONAL",INS FRANZ TAMAYO - VILLA SERRANO,0,154028,53165,43317,10000,0,0,0,0,260510
2008,OE,16,Ministerio de Educación y Culturas,12,0,9,"EDUC.DE CALIDAD CON EQUIDA SOC. ETNICA,GENERO Y GENERACIONAL",INS SIMÓN BOLIVAR - CORORO,0,103349,128673,64868,0,0,0,0,0,296890
2008,OE,16,Ministerio de Educación y Culturas,12,0,10,"EDUC.DE CALIDAD CON EQUIDA SOC. ETNICA,GENERO Y GENERACIONAL",INS SIMÓN BOLIVAR - LA PAZ,0,349009,282000,25200,0,0,0,0,0,656209
2008,OE,16,Ministerio de Educación y Culturas,12,0,11,"EDUC.DE CALIDAD CON EQUIDA SOC. ETNICA,GENERO Y GENERACIONAL",INS INSEF - LA PAZ,75940,228799,101003,85484,0,0,0,0,0,491226
2008,OE,16,Ministerio de Educación y Culturas,12,0,12,"EDUC.DE CALIDAD CON EQUIDA SOC. ETNICA,GENERO Y GENERACIONAL",ENS ANDRES DE SANTA CRUZ CALAHUMANA - LA PAZ,0,61400,59889,5000,0,0,0,0,0,126289
2008,OE,16,Ministerio de Educación y Culturas,12,0,13,"EDUC.DE CALIDAD CON EQUIDA SOC. ETNICA,GENERO Y GENERACIONAL",INS WARISATA - WARISATA,0,174000,89655,40000,0,0,0,0,0,303655
2008,OE,16,Ministerio de Educación y Culturas,12,0,14,"EDUC.DE CALIDAD CON EQUIDA SOC. ETNICA,GENERO Y GENERACIONAL",INS BAUTISTA SAAVEDRA - STGO.DE HUATA,0,289100,97084,0,0,0,0,0,0,386184
2008,OE,16,Ministerio de Educación y Culturas,12,0,15,"EDUC.DE CALIDAD CON EQUIDA SOC. ETNICA,GENERO Y GENERACIONAL",INS INSTHEA - EL ALTO,0,250461,239400,113709,0,0,0,0,0,603570
2008,OE,16,Ministerio de Educación y Culturas,12,0,16,"EDUC.DE CALIDAD CON EQUIDA SOC. ETNICA,GENERO Y GENERACIONAL",INS LAHUACHACA - VILLA AROMA,0,206500,33500,35000,2000,0,0,0,0,277000
2008,OE,16,Ministerio de Educación y Culturas,12,0,17,"EDUC.DE CALIDAD CON EQUIDA SOC. ETNICA,GENERO Y GENERACIONAL",INS MANUEL ASCENCIO VILLARROEL - PARACAYA,0,380500,89954,57046,0,0,0,1500,0,529000
2008,OE,16,Ministerio de Educación y Culturas,12,0,18,"EDUC.DE CALIDAD CON EQUIDA SOC. ETNICA,GENERO Y GENERACIONAL",INS ISMAEL MONTES - VACAS,0,171410,142029,38306,0,0,0,500,0,352245
2008,OE,16,Ministerio de Educación y Culturas,12,0,19,"EDUC.DE CALIDAD CON EQUIDA SOC. ETNICA,GENERO Y GENERACIONAL",INS ANGEL MENDOZA - ORURO,0,158899,61101,0,0,0,0,0,0,220000
2008,OE,16,Ministerio de Educación y Culturas,12,0,20,"EDUC.DE CALIDAD CON EQUIDA SOC. ETNICA,GENERO Y GENERACIONAL",INS RENE BARRIENTOS ORTUÑO -  CARACOLLO,0,547254,145526,110280,0,0,0,0,0,803060
2008,OE,16,Ministerio de Educación y Culturas,12,0,21,"EDUC.DE CALIDAD CON EQUIDA SOC. ETNICA,GENERO Y GENERACIONAL",INS EDUARDO AVAROA - POTOSI,0,254040,76900,100000,0,0,0,0,0,430940
2008,OE,16,Ministerio de Educación y Culturas,12,0,22,"EDUC.DE CALIDAD CON EQUIDA SOC. ETNICA,GENERO Y GENERACIONAL",INS MCAL.ANDRES DE SANTA CRUZ - CHAYANTA,0,250306,92116,50628,0,0,0,0,0,393050
2008,OE,16,Ministerio de Educación y Culturas,12,0,23,"EDUC.DE CALIDAD CON EQUIDA SOC. ETNICA,GENERO Y GENERACIONAL",INS FRANZ TAMAYO - LLICA,0,5694,6956,0,0,0,0,0,0,12650
2008,OE,16,Ministerio de Educación y Culturas,12,0,24,"EDUC.DE CALIDAD CON EQUIDA SOC. ETNICA,GENERO Y GENERACIONAL","INS JOSE BERRIOS - CAIZA ""D""",0,161584,18206,42750,0,0,0,0,0,222540
2008,OE,16,Ministerio de Educación y Culturas,12,0,25,"EDUC.DE CALIDAD CON EQUIDA SOC. ETNICA,GENERO Y GENERACIONAL",INS JUAN MISAEL SARACHO - CANASMORO,0,316295,44940,5160,1600,0,0,0,0,367995
2008,OE,16,Ministerio de Educación y Culturas,12,0,26,"EDUC.DE CALIDAD CON EQUIDA SOC. ETNICA,GENERO Y GENERACIONAL",INS ENRIQUE FINOT - SANTA CRUZ,0,399263,92548,140720,0,0,59160,1300,0,692991
2008,OE,16,Ministerio de Educación y Culturas,12,0,27,"EDUC.DE CALIDAD CON EQUIDA SOC. ETNICA,GENERO Y GENERACIONAL",INS RAFAEL CHAVEZ ORTIZ - PORTACHUELO,0,160042,27180,0,0,0,0,0,0,187222
2008,OE,16,Ministerio de Educación y Culturas,12,0,28,"EDUC.DE CALIDAD CON EQUIDA SOC. ETNICA,GENERO Y GENERACIONAL",INS PLURIETNICO PARA EL ORIENTE Y CHACO - CAMIRI,0,179325,28324,13500,0,0,0,0,0,221149
2008,OE,16,Ministerio de Educación y Culturas,12,0,29,"EDUC.DE CALIDAD CON EQUIDA SOC. ETNICA,GENERO Y GENERACIONAL",INS CLARA PARADA DE PINTO - TRINIDAD,0,140566,27572,29842,0,0,0,0,0,197980
2008,OE,16,Ministerio de Educación y Culturas,12,0,30,"EDUC.DE CALIDAD CON EQUIDA SOC. ETNICA,GENERO Y GENERACIONAL",INS RIBERALTA - RIBERALTA,0,252864,55364,43464,2256,0,0,0,0,353948
2008,OE,16,Ministerio de Educación y Culturas,12,0,31,"EDUC.DE CALIDAD CON EQUIDA SOC. ETNICA,GENERO Y GENERACIONAL",INS PUERTO RICO - PUERTO RICO,0,188394,43622,35976,2256,0,0,0,0,270248
2008,OE,16,Ministerio de Educación y Culturas,12,0,32,"EDUC.DE CALIDAD CON EQUIDA SOC. ETNICA,GENERO Y GENERACIONAL",FORMACIÓN DE EDUCADORES Y JOVENES A DISTANCIA - FEJAD,0,415500,27500,0,0,0,45000,6000,0,494000
2008,OE,16,Ministerio de Educación y Culturas,12,0,33,"EDUC.DE CALIDAD CON EQUIDA SOC. ETNICA,GENERO Y GENERACIONAL",UNIVERSIDAD PEDAGOGICA NACIONAL MCAL. SUCRE,0,1139409,630895,278685,0,0,0,0,0,2048989
2008,OE,16,Ministerio de Educación y Culturas,12,0,34,"EDUC.DE CALIDAD CON EQUIDA SOC. ETNICA,GENERO Y GENERACIONAL",ABSORCIÓN DE INS,0,816801,0,0,0,0,0,0,0,816801
2008,OE,16,Ministerio de Educación y Culturas,12,1,0,"EDUC.DE CALIDAD CON EQUIDA SOC. ETNICA,GENERO Y GENERACIONAL",IMPLEM. PROGRAMA PROFESIONALIZACION DE MAESTROS INTERINOS,0,10487517,599312,1655080,0,0,0,0,0,12741909
2008,OE,16,Ministerio de Educación y Culturas,12,2,0,"EDUC.DE CALIDAD CON EQUIDA SOC. ETNICA,GENERO Y GENERACIONAL",DESAR. PROG. CERTIFICACION COMPET. LAB. ARTIS. Y ARTESAN.,0,117528,1562,0,0,0,0,0,0,119090
2008,OE,16,Ministerio de Educación y Culturas,12,3,0,"EDUC.DE CALIDAD CON EQUIDA SOC. ETNICA,GENERO Y GENERACIONAL",FORM. PERMAN. DE DOCENTES EN TODOS LOS NIVELES DEL S.E.N.,0,4749495,916769,203240,0,0,0,0,0,5869504
2008,OE,16,Ministerio de Educación y Culturas,12,4,0,"EDUC.DE CALIDAD CON EQUIDA SOC. ETNICA,GENERO Y GENERACIONAL",IMPLEM. DE INTERNADOS Y TRANSPORTE ESCOLAR,0,342815,159801,1842110,0,0,0,0,0,2344726
2008,OE,16,Ministerio de Educación y Culturas,15,3,0,ESCUELAS PRODUCTIVAS Y SALUDABLES,MEJ. INFRAESTRUCTURA Y EQUIP. DE INSTITUTOS NORMALES Y TEC.,0,3053068,0,29124255,0,0,0,0,0,32177323
2008,OE,16,Ministerio de Educación y Culturas,15,4,0,ESCUELAS PRODUCTIVAS Y SALUDABLES,EQUIP. INST. SUP. TECNOL. VINCULADOS A LA MATRIZ PRODUCTIVA,0,764186,754703,7761358,0,0,0,0,0,9280247
2008,OE,16,Ministerio de Educación y Culturas,15,5,0,ESCUELAS PRODUCTIVAS Y SALUDABLES,FORTAL. GEST. MUNICIPAL METODOLOGÍA Y ALCANCE SOC.,0,982251,0,51360,0,0,0,0,0,1033611
2008,OE,16,Ministerio de Educación y Culturas,17,1,0,IMPLEMENTACION DE TELECENTROS EDUCATIVOS,INSTAL. DE TELECENTROS EDUCATIVOS COMUNITARIOS,0,6193488,297000,36535548,0,0,0,3920000,0,46946036
2008,OE,16,Ministerio de Educación y Culturas,18,1,0,ENCUENTRO DE DIVERSIDAD CULTURAL EN EL MARCO INTRACULTURAL,DESAR.  SISTEMA NAL. REGIST. Y CAT. DEL PATRIMONIO CUL. BOL.,0,32000,0,0,0,0,0,0,0,32000
2008,OE,16,Ministerio de Educación y Culturas,18,2,0,ENCUENTRO DE DIVERSIDAD CULTURAL EN EL MARCO INTRACULTURAL,RECUP.  DE CAMINOS PREHISPANICOS BOL-CHACO,0,0,0,200000,0,0,0,0,0,200000
2008,OE,16,Ministerio de Educación y Culturas,18,3,0,ENCUENTRO DE DIVERSIDAD CULTURAL EN EL MARCO INTRACULTURAL,RESTAU. Y REHABILITACION CARRERA MUSEOLOGIA  - LPZ,0,0,0,141660,0,0,0,0,0,141660
2008,OE,16,Ministerio de Educación y Culturas,18,4,0,ENCUENTRO DE DIVERSIDAD CULTURAL EN EL MARCO INTRACULTURAL,RESTAU. DE LA IGLESIA DE SAN PEDRO DE TIAHUANACO - LPZ,0,0,0,418000,0,0,0,0,0,418000
2008,OE,16,Ministerio de Educación y Culturas,19,1,0,EDUCACION PARA LA PRODUCCION CON IDENTIDAD CULTURAL,ESTUDIO CASAS  DIVERSIDAD CULT.,0,0,0,60000,0,0,0,0,0,60000
2008,OE,16,Ministerio de Educación y Culturas,98,0,1,GASTOS POR TRANSFERENCIAS,GASTOS POR TRANSFERENCIAS,0,0,0,0,0,0,127426938,0,0,127426938
2008,OE,20,Ministerio de Defensa Nacional,0,0,1,CONDUCCION ADMINISTRATIVA INSTITUCIONAL,SEGUIMIENTO Y ADMINISTRACION DE RECURSOS DE DEFENSA,1029067558,145741598,249432066,37794417,2335581,0,0,9146100,1962000,1475479320
2008,OE,20,Ministerio de Defensa Nacional,10,0,1,MANTENIMIENTO DE AERONAVES,MANTENIMIENTO DE AERONAVES,0,4848000,0,0,0,0,0,0,0,4848000
2008,OE,20,Ministerio de Defensa Nacional,11,0,1,DEFENSA CIVIL Y COOPERACION AL DESARROLLO INTEGRAL,ESTABLECER POLITICAS Y REGLAMENTOS PARA REDUCCION DE RIESGOS,0,1005385,1227334,333903,0,0,0,2000,0,2568622
2008,OE,20,Ministerio de Defensa Nacional,12,0,1,REGISTRO DE BUQUES QUE UTILIZAN BANDERA BOLIVIANA EN ALTAMAR,REGISTRO Y LICENCIAS PARA BUQUES,1200596,1938332,230718,3349210,0,0,0,0,129000,6847856
2008,OE,20,Ministerio de Defensa Nacional,13,0,1,ATENCION Y APOYO DE EMERGENCIAS,ATENCION Y APOYO DE EMERGENCIAS,0,168000,0,0,0,0,0,0,0,168000
2008,OE,20,Ministerio de Defensa Nacional,30,6,0,PROYECTOS DE INVERSION,CONST.EQUIP.CAPAC.INSTITUTO TECNOLOGIGO MAX TOLEDO (VIACHA),0,0,0,108420,0,0,0,0,0,108420
2008,OE,20,Ministerio de Defensa Nacional,98,0,1,TRANSFERENCIAS,TRANSFERENCIAS,0,0,0,0,0,0,6359668,0,0,6359668
2008,OE,25,Ministerio de la Presidencia,0,0,1,GESTION DE LA PRESIDENCIA,GESTION DE LA PRESIDENCIA,9385666,6122920,3597751,0,0,0,0,0,0,19106337
2008,OE,25,Ministerio de la Presidencia,0,0,2,GESTION DE LA PRESIDENCIA,ANALISIS JURIDICO ESPECIALIZADO,1366751,112600,91269,0,0,0,0,0,0,1570620
2008,OE,25,Ministerio de la Presidencia,0,0,3,GESTION DE LA PRESIDENCIA,GESTION SOCIAL DE LA PRESIDENCIA,725506,682592,278512,0,0,0,25000,0,0,1711610
2008,OE,25,Ministerio de la Presidencia,10,0,1,POLITICA DE COORDINACION GUBERNAMENTAL,APOYO A COORDINACION GUBERNAMENTAL,3647451,643909,108000,0,0,0,0,0,0,4399360
2008,OE,25,Ministerio de la Presidencia,11,0,1,POLITICA DE COORDINACION CON MOVIMIENTOS SOCIALES,APOYO A COORDINACION CON MOVIMIENTOS SOCIALES Y SOC.CIVIL,2245983,294260,89000,0,0,0,0,0,0,2629243
2008,OE,25,Ministerio de la Presidencia,11,0,2,POLITICA DE COORDINACION CON MOVIMIENTOS SOCIALES,APOYO A LOS DERECHOS DE PUEBLOS INDIGENAS TRANSVERSALIZACIN,0,4125500,831159,75400,0,0,0,0,45000,5077059
2008,OE,25,Ministerio de la Presidencia,12,0,1,POLITICAS DE DESCENTRALIZACION,APOYO A POLITICAS DE DESCENTRALIZACION,4473945,964283,212026,0,0,0,0,0,0,5650254
2008,OE,25,Ministerio de la Presidencia,12,1,0,POLITICAS DE DESCENTRALIZACION,DESAR. CONCURRENTE REGIONAL-PDCR,0,1635790,37160,0,0,0,0,0,0,1672950
2008,OE,25,Ministerio de la Presidencia,12,2,0,POLITICAS DE DESCENTRALIZACION,APOYO PROGRAMA DE REHABILITACION DE INFRAESTRUCTURA,0,6599537,0,0,0,0,0,0,0,6599537
2008,OE,25,Ministerio de la Presidencia,13,-1,-1,DIFUSION DE GACETAS OFICIALES,NO DECLARADO,531150,138300,193655,153000,0,0,1054,0,0,1017159
2008,OE,25,Ministerio de la Presidencia,14,0,1,POLITICA DE COMUNICACION SOCIAL Y GUBERNAMENTAL,COMUNICACION SOCIAL Y GUBERNAMENTAL,3435363,4557875,599484,160000,0,0,2023,0,0,8754745
2008,OE,25,Ministerio de la Presidencia,14,3,0,POLITICA DE COMUNICACION SOCIAL Y GUBERNAMENTAL,IMPLEM.DE RADIOS EN PUEBLOS ORIGINARIOS DE BOLIVIA,0,111000,48500,2455000,0,0,0,0,0,2614500
2008,OE,25,Ministerio de la Presidencia,17,0,1,REPRESENTACIONES PRESIDENCIALES,REPRESENTACIONES PRESIDENCIALES,1781542,3160700,579615,0,0,0,0,0,0,5521857
2008,OE,25,Ministerio de la Presidencia,22,0,1,UNIDAD DE PROYECTOS ESPECIALES UPRE,UNIDAD DE PROYECTOS ESPECIALES UPRE,578485,246895,40200,0,0,0,0,0,0,865580
2008,OE,25,Ministerio de la Presidencia,23,0,1,APOYO A LA GESTION INSTITUCIONAL,PROGRAMA DE REVOLUCION INSTITUCIONAL,0,2612169,23000,0,0,0,0,0,30100,2665269
2008,OE,25,Ministerio de la Presidencia,24,0,1,UNIDAD DE DESARROLLO INTEGRAL AMAZONICO,UNIDAD DE DESARROLLO INTEGRAL AMAZONICO,183990,1025010,24380,0,0,0,0,0,0,1233380
2008,OE,25,Ministerio de la Presidencia,25,0,1,LIQUIDACION PROGRAMA PAIS,LIQUIDACION PROGRAMA PAIS,193307,38660,3612,0,0,0,0,0,0,235579
2008,OE,25,Ministerio de la Presidencia,97,0,1,ACTIVOS FINANCIEROS,INCREMENTO DE DISPONIBILIDADES DIFUSION DE GACETAS,0,0,0,0,200000,0,0,0,0,200000
2008,OE,30,Ministerio de Justicia,0,0,1,ACCESO DEMOCRÁTICO A LA JUSTICIA,ACCESO DEMOCRÁTICO A LA JUSTICIA,8581838,609200,168360,30000,0,0,0,0,0,9389398
2008,OE,30,Ministerio de Justicia,0,0,2,ACCESO DEMOCRÁTICO A LA JUSTICIA,CIEDF,0,23981,11979,0,0,0,0,0,0,35960
2008,OE,30,Ministerio de Justicia,10,0,1,ACCESO DEMOCRÁTICO A LA JUSTICIA COMUNITARIA,ACCESO DEMOCRÁTICO A LA JUSTICIA COMUNITARIA,0,298770,147354,30000,0,0,0,0,0,476124
2008,OE,30,Ministerio de Justicia,11,0,1,ACCESO DEMOCRÁTICO A LA JUSTICIA Y DERECHOS HUMANOS,ACCESO DEMOCRÁTICO A LA JUSTICIA Y DERECHOS HUMANOS,0,379140,123250,20000,0,0,0,0,0,522390
2008,OE,30,Ministerio de Justicia,12,0,1,TRANSPARENCIA Y LUCHA CONTRA LA CORRUPCIÓN,TRANSPARENCIA Y LUCHA CONTRA LA CORRUPCIÓN,0,342199,92800,20000,0,0,0,0,0,454999
2008,OE,30,Ministerio de Justicia,13,0,1,ASISTENCIA A GRUPOS VULNERABLES,ASISTENCIA A GRUPOS VULNERABLES,0,345751,103846,27000,0,0,0,0,0,476597
2008,OE,35,Ministerio de Hacienda,0,0,1,APOYO A LA GESTION INSTITUCIONAL,ACTIVIDAD SUPERIOR,2632088,1005000,633800,56200,0,0,0,0,0,4327088
2008,OE,35,Ministerio de Hacienda,0,0,2,APOYO A LA GESTION INSTITUCIONAL,UNIDAD DE AUDITORIA INTERNA,1624498,33368,57696,128936,0,0,0,0,0,1844498
2008,OE,35,Ministerio de Hacienda,0,0,3,APOYO A LA GESTION INSTITUCIONAL,DIRECCION GENERAL DE ASUNTOS ADMINISTRATIVOS,5309715,2952597,1369780,168848,0,0,0,5000,0,9805940
2008,OE,35,Ministerio de Hacienda,0,0,4,APOYO A LA GESTION INSTITUCIONAL,DIRECCION GENERAL DE ASUNTOS JURIDICOS,1616443,81000,59000,20000,0,0,0,0,0,1776443
2008,OE,35,Ministerio de Hacienda,0,0,7,APOYO A LA GESTION INSTITUCIONAL,CENTRO DE CAPACITACION Y APRENDIZAJE A DISTANCIA - SNAP,0,1218960,61898,101200,0,0,0,8000,8600,1398658
2008,OE,35,Ministerio de Hacienda,0,0,8,APOYO A LA GESTION INSTITUCIONAL,UNIDAD DE COORDINACION DEL PROGRAMA,2968657,20315567,104248,329200,0,0,0,0,0,23717672
2008,OE,35,Ministerio de Hacienda,0,0,9,APOYO A LA GESTION INSTITUCIONAL,PROGRAMA CONSIGNACION REFORMAS INGRESOS PUBLICOS - UCP,0,1147618,21948,585900,0,0,0,0,0,1755466
2008,OE,35,Ministerio de Hacienda,0,0,10,APOYO A LA GESTION INSTITUCIONAL,UNIDAD ADMINISTRATIVA FINANCIERA - SNAP,3752599,467082,183330,66606,0,0,0,7000,0,4476617
2008,OE,35,Ministerio de Hacienda,0,0,11,APOYO A LA GESTION INSTITUCIONAL,UNIDAD DE ASISTENCIA TECNICA EN GESTION PUBLICA,0,107236,5284,0,0,0,0,0,0,112520
2008,OE,35,Ministerio de Hacienda,0,0,12,APOYO A LA GESTION INSTITUCIONAL,UNIDAD DE CAPACITACION Y DESARROLLO DEL SERVIDOR PUBLICO,0,233020,0,13200,0,0,0,0,0,246220
2008,OE,35,Ministerio de Hacienda,0,0,14,APOYO A LA GESTION INSTITUCIONAL,DIGITALIZACION DE ARCHIVOS DEL SISTEMA DE REPARTO (SENASIR),0,40000,0,8432092,0,0,0,0,0,8472092
2008,OE,35,Ministerio de Hacienda,10,0,1,GESTION DEL PRESUPUESTO GENERAL DE LA NACION,DIRECCION GENERAL DE PRESUPUESTO,5726578,869098,474522,468280,0,0,0,0,0,7538478
2008,OE,35,Ministerio de Hacienda,11,0,1,ELABORACION DE LA CUENTA PUBLICA Y RENDICIONES,DIRECCION GENERAL DE CONTADURIA,4113063,380000,133000,0,0,0,0,0,0,4626063
2008,OE,35,Ministerio de Hacienda,11,0,2,ELABORACION DE LA CUENTA PUBLICA Y RENDICIONES,PROGRAMA DE MODERNIZACION DE LA ADM.FINANCIERA PUBLICA-MAFP,0,20397026,3779438,37049856,0,0,0,0,30000,61256320
2008,OE,35,Ministerio de Hacienda,12,0,1,ADMINISTRACION DE RECURSOS,DIRECCION GENERAL DEL TESORO,4640554,1216000,328000,10000,0,0,0,0,0,6194554
2008,OE,35,Ministerio de Hacienda,12,0,2,ADMINISTRACION DE RECURSOS,UNIDAD DE GESTION DE INFORMACION,0,438500,1071500,410000,0,0,0,0,0,1920000
2008,OE,35,Ministerio de Hacienda,12,0,3,ADMINISTRACION DE RECURSOS,DIRECCION GENERAL DE CREDITO PUBLICO,2657717,98500,120000,0,0,0,0,0,0,2876217
2008,OE,35,Ministerio de Hacienda,12,0,4,ADMINISTRACION DE RECURSOS,DIRECCION GENERAL DE PROGRAMACION FINANCIERA,1910812,77500,129000,0,0,0,0,0,0,2117312
2008,OE,35,Ministerio de Hacienda,12,0,5,ADMINISTRACION DE RECURSOS,SERVICIO NACIONAL DE PATRIMONIO DEL ESTADO,7959235,1246402,412571,112310,0,0,0,16829,0,9747347
2008,OE,35,Ministerio de Hacienda,12,0,6,ADMINISTRACION DE RECURSOS,LIQUIDACION DE ENTES GESTORES,2777593,1652563,267690,110000,0,0,0,55978,12170,4875994
2008,OE,35,Ministerio de Hacienda,12,0,7,ADMINISTRACION DE RECURSOS,UNIDAD DE PROGRAMACION FISCAL,4616685,388900,93700,159352,0,0,0,0,0,5258637
2008,OE,35,Ministerio de Hacienda,12,0,9,ADMINISTRACION DE RECURSOS,UNIDAD DE CALIFICACION DE AÑOS DE SERVICIO,1065722,496352,105396,0,0,0,0,0,0,1667470
2008,OE,35,Ministerio de Hacienda,13,0,1,DISEÑO DE POLITICAS FISCALES,DIRECCION GENERAL DE GESTION TRIBUTARIA,1245920,340755,117850,16000,0,0,0,0,1000000,2720525
2008,OE,35,Ministerio de Hacienda,13,0,2,DISEÑO DE POLITICAS FISCALES,DIRECCION GENERAL DE POLITICA ARANCELARIA,1158659,270376,73045,18579,0,0,0,0,0,1520659
2008,OE,35,Ministerio de Hacienda,13,0,3,DISEÑO DE POLITICAS FISCALES,DIRECCION GENERAL DE POLITICA TRIBUTARIA INTERNA,1262030,258490,85905,18000,0,0,0,0,0,1624425
2008,OE,35,Ministerio de Hacienda,13,0,4,DISEÑO DE POLITICAS FISCALES,RED DE ANALISIS FISCAL,0,243890,24000,133370,0,0,0,0,0,401260
2008,OE,35,Ministerio de Hacienda,15,0,1,DISEÑO DE NORMAS DE PENSIONES Y SERVICIOS FINANCIEROS,DIRECCION GENERAL DE PENSIONES Y SEGUROS,2496966,399517,237787,88000,0,0,0,0,0,3222270
2008,OE,35,Ministerio de Hacienda,15,0,2,DISEÑO DE NORMAS DE PENSIONES Y SERVICIOS FINANCIEROS,DIRECCION GENERAL DE VALORES SERV.FINANCIEROS Y S.COMERCIAL,1050407,192000,131000,30000,0,0,0,0,0,1403407
2008,OE,35,Ministerio de Hacienda,15,0,4,DISEÑO DE NORMAS DE PENSIONES Y SERVICIOS FINANCIEROS,DIRECCION EJECUTIVA SENASIR,14448076,5093859,2155592,219122,0,0,0,0,0,21916649
2008,OE,35,Ministerio de Hacienda,15,0,20,DISEÑO DE NORMAS DE PENSIONES Y SERVICIOS FINANCIEROS,OPERATIVOS - SENASIR,0,271824,42203,0,0,0,0,0,0,314027
2008,OE,35,Ministerio de Hacienda,15,0,21,DISEÑO DE NORMAS DE PENSIONES Y SERVICIOS FINANCIEROS,CONTROL DE VIVENCIAS - SENASIR,0,142418,16559,0,0,0,0,0,0,158977
2008,OE,35,Ministerio de Hacienda,15,0,22,DISEÑO DE NORMAS DE PENSIONES Y SERVICIOS FINANCIEROS,REVISION RENTAS (INCONSISTENCIA EDADES) - SENASIR,0,1722000,80076,0,0,0,0,0,0,1802076
2008,OE,35,Ministerio de Hacienda,15,0,23,DISEÑO DE NORMAS DE PENSIONES Y SERVICIOS FINANCIEROS,REVISION CC - SENASIR,0,588000,58675,0,0,0,0,0,0,646675
2008,OE,35,Ministerio de Hacienda,15,0,24,DISEÑO DE NORMAS DE PENSIONES Y SERVICIOS FINANCIEROS,IDENTIFICACION DE EMPRESAS DEUDORAS AL SISTEMA DE REPARTO,0,663298,48462,15400,0,0,0,0,0,727160
2008,OE,35,Ministerio de Hacienda,15,0,25,DISEÑO DE NORMAS DE PENSIONES Y SERVICIOS FINANCIEROS,RECURSOS DE RECLAMACION - SENASIR,0,216000,34235,0,0,0,0,0,0,250235
2008,OE,35,Ministerio de Hacienda,16,0,1,DISEÑO SUPERV.IMPLANT.DE NORMAS DE LOS SIST. DE ADM.GUBERN,DIRECCION GENERAL DE SISTEMAS ADMINISTRACION GUBERNAMENTAL,2232620,322000,66200,0,0,0,0,0,0,2620820
2008,OE,41,Ministerio de Producción y Microempresa,0,0,1,APOYO A LA GESTION INSTITUCIONAL,PROGRAMA CENTRAL,4872292,3491859,523100,200000,0,0,0,0,0,9087251
2008,OE,41,Ministerio de Producción y Microempresa,0,1,0,APOYO A LA GESTION INSTITUCIONAL,IMPLEM. COMPLEJOS PRODUCTIVOS INTEGRALES,0,4996872,608025,212103,0,0,0,0,0,5817000
2008,OE,41,Ministerio de Producción y Microempresa,10,0,1,NORM Y POL PARA EL DESA. DEL COMERCIO Y EXPORT,APOYO PARA EL DESA. DEL COMERCIO Y EXPORT,1267196,326086,23914,0,0,0,0,0,0,1617196
2008,OE,41,Ministerio de Producción y Microempresa,10,0,2,NORM Y POL PARA EL DESA. DEL COMERCIO Y EXPORT,APOYO SECTORIAL EN COMERCIO Y NEGOCIOS,0,332494,17506,0,0,0,0,0,0,350000
2008,OE,41,Ministerio de Producción y Microempresa,10,0,3,NORM Y POL PARA EL DESA. DEL COMERCIO Y EXPORT,REMODELACION EDIF. CENTRAL DE LA RED DE FOMENTO PRODUCTIVO,0,90000,0,0,0,0,0,0,0,90000
2008,OE,41,Ministerio de Producción y Microempresa,10,1,0,NORM Y POL PARA EL DESA. DEL COMERCIO Y EXPORT,"HABIL. RED DE FOMENTO PRODUCTIVO ""REFO'S""",0,185927,0,0,0,0,0,0,0,185927
2008,OE,41,Ministerio de Producción y Microempresa,11,0,1,NORM Y POL PARA EL DESA DE LA MEDIANA GRAN EMPRESA,APOYO PARA EL DESARROLLO DE LA MEDIANA GRAN EMPRESA E INDUS.,1268416,253214,46786,0,0,0,0,0,0,1568416
2008,OE,41,Ministerio de Producción y Microempresa,11,0,2,NORM Y POL PARA EL DESA DE LA MEDIANA GRAN EMPRESA,APOYO SECTORIAL EN PLANES Y NEGOCIOS,0,327796,62655,442500,0,0,0,0,0,832951
2008,OE,41,Ministerio de Producción y Microempresa,11,5,0,NORM Y POL PARA EL DESA DE LA MEDIANA GRAN EMPRESA,DESAR. SIST.INF. GEOREFERENCIAL DE ACTIVIDADES PRODUCTIVAS,0,1405260,44415,101094,0,0,0,0,0,1550769
2008,OE,41,Ministerio de Producción y Microempresa,11,6,0,NORM Y POL PARA EL DESA DE LA MEDIANA GRAN EMPRESA,CONST. Y EQUIP. PLANTA VIDRIO PLANO,0,1000,0,196190,0,0,0,0,0,197190
2008,OE,41,Ministerio de Producción y Microempresa,11,7,0,NORM Y POL PARA EL DESA DE LA MEDIANA GRAN EMPRESA,IMPLEM. PARQUE INDUSTRIAL EN EL DPTO. DE ORURO,0,28252,5081,885000,0,0,0,0,0,918333
2008,OE,41,Ministerio de Producción y Microempresa,11,8,0,NORM Y POL PARA EL DESA DE LA MEDIANA GRAN EMPRESA,IMPLEM. PARQUE INDUSTRIAL EN EL DPTO. DE POTOSI,0,30580,2753,885000,0,0,0,0,0,918333
2008,OE,41,Ministerio de Producción y Microempresa,11,9,0,NORM Y POL PARA EL DESA DE LA MEDIANA GRAN EMPRESA,IMPLEM. PARQUE INDUSTRIAL EN EL DPTO. DE PANDO,0,31400,1933,885000,0,0,0,0,0,918333
2008,OE,41,Ministerio de Producción y Microempresa,11,10,0,NORM Y POL PARA EL DESA DE LA MEDIANA GRAN EMPRESA,IMPLEM. PARQUE INDUSTRIAL EN EL DPTO. DE CHUQUISACA,0,30330,3004,885000,0,0,0,0,0,918334
2008,OE,41,Ministerio de Producción y Microempresa,11,11,0,NORM Y POL PARA EL DESA DE LA MEDIANA GRAN EMPRESA,IMPLEM. PARQUE INDUSTRIAL EN EL DPTO. DE SANTA CRUZ,0,31400,1934,885000,0,0,0,0,0,918334
2008,OE,41,Ministerio de Producción y Microempresa,11,12,0,NORM Y POL PARA EL DESA DE LA MEDIANA GRAN EMPRESA,IMPLEM. PARQUE INDUSTRIAL EN EL DPTO. DE TARIJA,0,31400,1934,885000,0,0,0,0,0,918334
2008,OE,41,Ministerio de Producción y Microempresa,12,0,1,NORM Y POL PARA LA PROMOCION Y DESARROLLO TURISTICO,NORM Y POLI PARA LA PORMOCION Y DESARROLLO TURISTICO,1257555,206550,93450,0,0,0,0,0,0,1557555
2008,OE,41,Ministerio de Producción y Microempresa,12,1,0,NORM Y POL PARA LA PROMOCION Y DESARROLLO TURISTICO,APOYO AL TURISMO SOSTENIBLE EN BOLIVIA,0,9032524,70922,308261,0,0,0,0,0,9411707
2008,OE,41,Ministerio de Producción y Microempresa,12,2,0,NORM Y POL PARA LA PROMOCION Y DESARROLLO TURISTICO,"FORTAL., CREACION Y ARTICULACION DEL TURISMO INDIGENA COMUNI",0,44533,19327,95000,0,0,0,0,0,158860
2008,OE,41,Ministerio de Producción y Microempresa,12,3,0,NORM Y POL PARA LA PROMOCION Y DESARROLLO TURISTICO,APOYO AL DESAR. SOSTENIBLE LOCAL DEL LAGO TITICACA,0,140215,119693,4432785,0,0,0,0,0,4692693
2008,OE,41,Ministerio de Producción y Microempresa,14,0,1,NORM Y POL  PARA EL DESA DE LA MICRO Y PEQUEÑA EMPRESA,NORM Y POLI PARA EL DESARROLLO DE LA MICRO Y PEQUE EMPRESA,1217158,247111,52889,0,0,0,0,0,0,1517158
2008,OE,41,Ministerio de Producción y Microempresa,14,0,2,NORM Y POL  PARA EL DESA DE LA MICRO Y PEQUEÑA EMPRESA,APOYO SECTORIAL EN PLANES Y NEGOCIOS,0,428260,13740,0,0,0,0,0,0,442000
2008,OE,41,Ministerio de Producción y Microempresa,14,3,0,NORM Y POL  PARA EL DESA DE LA MICRO Y PEQUEÑA EMPRESA,APOYO AL DESAR. DE LA RECONVERSION PRODUCTIVA,0,470000,88000,50000,0,0,0,0,0,608000
2008,OE,41,Ministerio de Producción y Microempresa,15,0,1,ADMINISTRACION DEL REGIMEN  DE PROPIEDAD INTELECTUAL,UNIDAD ADMIN SERV NAL DE PROPIEDAD INTELECTUAL,1866337,773066,355502,189500,0,0,0,0,0,3184405
2008,OE,41,Ministerio de Producción y Microempresa,16,0,1,NORMALIZACION DE METROLOGIA LEGAL INDUSTRIAL Y CIENTIFICA,APOYO A LA NORMALIZ DE METROLOGIA LEGAL INDUSTRIAL Y CIENTI.,2920794,1745090,351725,638000,0,0,0,567000,0,6222609
2008,OE,41,Ministerio de Producción y Microempresa,17,0,1,IMPULSO A LA RECUPERACION ECONOMICA,UNIDAD OPERATIVA DEL PROGRAMA,0,1343181,22760,0,0,0,13832000,0,0,15197941
2008,OE,41,Ministerio de Producción y Microempresa,17,0,2,IMPULSO A LA RECUPERACION ECONOMICA,UNIDAD DE PROYECTOS,0,244555,38432,23200,0,0,10275200,0,0,10581387
2008,OE,41,Ministerio de Producción y Microempresa,18,0,1,SERVICIO NACIONAL DE DESARROLLO PRODUCTIVO,SERVICIO DE DESARROLLO PRODUCTIVO,456153,152200,32514,0,0,0,0,0,0,640867
2008,OE,41,Ministerio de Producción y Microempresa,22,1,0,CAPAC. AL PEQUEÑO PRODUCTOR,CAPAC. AL PEQUEÑO PRODUCTOR,0,744000,74403,35000,0,0,0,0,0,853403
2008,OE,41,Ministerio de Producción y Microempresa,98,0,1,GASTOS POR TRANSFERENCIAS,SERVICIO NACIONAL DE PROPIEDAD INTELECTUAL,0,0,0,0,0,0,5112,0,0,5112
2008,OE,41,Ministerio de Producción y Microempresa,98,0,2,GASTOS POR TRANSFERENCIAS,INSTITUTO BOLIVIANO DE METROLOGIA,0,0,0,0,0,0,9044,0,0,9044
2008,OE,41,Ministerio de Producción y Microempresa,98,0,3,GASTOS POR TRANSFERENCIAS,IMPULSO A LA RECUPERACION ECONÓMICA,0,0,0,0,0,0,3772000,0,0,3772000
2008,OE,41,Ministerio de Producción y Microempresa,98,0,4,GASTOS POR TRANSFERENCIAS,APOYO A LA GESTIÓN INSTITUCIONAL,0,0,0,0,0,0,29445988,0,0,29445988
2008,OE,46,Ministerio de Salud y Deportes,0,0,1,"SALUD FAMILIAR, INTERCULTURAL Y COMUNITARIA",EXTENSION DE COBERTURAS,4370108,12146586,86786213,181500,0,0,0,18340000,0,121824407
2008,OE,46,Ministerio de Salud y Deportes,0,0,2,"SALUD FAMILIAR, INTERCULTURAL Y COMUNITARIA",FORTALECIMIENTO DE REDES DE SALUD,4503201,5862322,332639,338890,0,0,0,0,0,11037052
2008,OE,46,Ministerio de Salud y Deportes,0,0,3,"SALUD FAMILIAR, INTERCULTURAL Y COMUNITARIA","GESTION CALIDAD, CARACTER INTERCULT, ENFOQUE GENERO-GENERAC",7666004,205229,41579,3192,0,0,0,0,0,7916004
2008,OE,46,Ministerio de Salud y Deportes,0,1,0,"SALUD FAMILIAR, INTERCULTURAL Y COMUNITARIA",IMPLEM. ATENCION PRIMARIA INTEGRAL EN EL AREA RURAL,401905,2865368,1080520,418722,0,0,0,0,0,4766515
2008,OE,46,Ministerio de Salud y Deportes,0,2,0,"SALUD FAMILIAR, INTERCULTURAL Y COMUNITARIA",DESAR. PROG. APOYO AL SECTOR DE HIGIENE Y SALUD DE BASE,250731,1602428,346470,2665450,0,0,0,0,0,4865079
2008,OE,46,Ministerio de Salud y Deportes,0,3,0,"SALUD FAMILIAR, INTERCULTURAL Y COMUNITARIA",DESAR. PROGRAMA REFORMA DE SALUD,319466,8069444,3311185,10150257,0,0,0,0,0,21850352
2008,OE,46,Ministerio de Salud y Deportes,0,4,0,"SALUD FAMILIAR, INTERCULTURAL Y COMUNITARIA",APOYO LUCHA CONTRA LAS GRANDES ENDEMIAS,258474,488499,636566,66461,0,0,0,0,0,1450000
2008,OE,46,Ministerio de Salud y Deportes,0,5,0,"SALUD FAMILIAR, INTERCULTURAL Y COMUNITARIA",EQUIP. Y PREVEN.  DE ENFERMEDADES RENALES  A NIVEL NACIONAL,423928,675333,2835739,2745000,0,0,0,300000,0,6980000
2008,OE,46,Ministerio de Salud y Deportes,0,6,0,"SALUD FAMILIAR, INTERCULTURAL Y COMUNITARIA",CONTROL NAL.TUBERCULOSIS,188400,458402,3204803,0,0,0,0,1106500,0,4958105
2008,OE,46,Ministerio de Salud y Deportes,0,8,0,"SALUD FAMILIAR, INTERCULTURAL Y COMUNITARIA",IMPLEM. PLANTAS GENERACION DE OXIGENO MEDICAL,0,21600,0,0,0,0,0,0,0,21600
2008,OE,46,Ministerio de Salud y Deportes,0,9,0,"SALUD FAMILIAR, INTERCULTURAL Y COMUNITARIA",INVEST. DE PLANTAS MEDICINALES,0,50000,0,0,0,0,0,0,0,50000
2008,OE,46,Ministerio de Salud y Deportes,0,10,0,"SALUD FAMILIAR, INTERCULTURAL Y COMUNITARIA",CAPAC. EN MED. TRAD. Y MANEJO DE PLANTAS MED.EN AREA RURAL,0,50000,0,0,0,0,0,0,0,50000
2008,OE,46,Ministerio de Salud y Deportes,0,11,0,"SALUD FAMILIAR, INTERCULTURAL Y COMUNITARIA",IMPLEM.  LABORATORIOS  ARTESANALES MEDICAM NATURALES,0,50000,0,0,0,0,0,0,0,50000
2008,OE,46,Ministerio de Salud y Deportes,0,12,0,"SALUD FAMILIAR, INTERCULTURAL Y COMUNITARIA",DESAR. CADENA PRODUCTIVA PLANTAS MEDICINALES,0,50000,0,0,0,0,0,0,0,50000
2008,OE,46,Ministerio de Salud y Deportes,0,13,0,"SALUD FAMILIAR, INTERCULTURAL Y COMUNITARIA",OTORG.  ACREDITACION DE MEDICOS TRADICIONALES Y PARTER@S,0,50000,0,0,0,0,0,0,0,50000
2008,OE,46,Ministerio de Salud y Deportes,0,14,0,"SALUD FAMILIAR, INTERCULTURAL Y COMUNITARIA",PREVEN. ENFERMEDADES TRANSMIISIBLES  Y NO TRANSMISIBLES,0,23728,0,0,0,0,0,0,0,23728
2008,OE,46,Ministerio de Salud y Deportes,0,15,0,"SALUD FAMILIAR, INTERCULTURAL Y COMUNITARIA",DESAR. DE CENTROS DE ENF. INFEC. PARA EL NORTE-SUR DEL PAIS,0,55188,0,0,0,0,0,0,0,55188
2008,OE,46,Ministerio de Salud y Deportes,0,17,0,"SALUD FAMILIAR, INTERCULTURAL Y COMUNITARIA",DESAR. ATENCION INTEGRAL DE PERSONAS CON DISCAPACIDAD,0,53892,0,0,0,0,0,0,0,53892
2008,OE,46,Ministerio de Salud y Deportes,0,34,0,"SALUD FAMILIAR, INTERCULTURAL Y COMUNITARIA",IMPLEM. MODELO SAFCI EN REDES DE SALUD PERIURBANAS,0,53892,0,0,0,0,0,0,0,53892
2008,OE,46,Ministerio de Salud y Deportes,10,0,1,"CONDUCCION, REGULACION, FISCALIZAC.MODULACION DE FINANC.",FORTALECIMIENTO CAPACIDAD DE GESTION,15701354,6467368,2095040,4475615,0,0,0,0,0,28739377
2008,OE,46,Ministerio de Salud y Deportes,10,0,2,"CONDUCCION, REGULACION, FISCALIZAC.MODULACION DE FINANC.",SEGURO UNIVERSAL DE SALUD,6220475,6175753,639866,539116,0,0,314857939,15000,0,328448149
2008,OE,46,Ministerio de Salud y Deportes,10,0,3,"CONDUCCION, REGULACION, FISCALIZAC.MODULACION DE FINANC.",GESTION TECNOLOGICA E INVESTIGACION,6910485,1707016,5042548,630774,0,0,0,205000,0,14495823
2008,OE,46,Ministerio de Salud y Deportes,10,1,0,"CONDUCCION, REGULACION, FISCALIZAC.MODULACION DE FINANC.",FORTAL. DE LA  VIGILANCIA EPIDEMIOLÓGICA DEL SNIS EN LA PAZ,0,625730,98331,20800,0,0,0,0,0,744861
2008,OE,46,Ministerio de Salud y Deportes,10,2,0,"CONDUCCION, REGULACION, FISCALIZAC.MODULACION DE FINANC.",DESAR. DEL SIST. NAL. INVESTIGACIÓN Y TECNOLOGIA EN SALUD,0,41700,0,0,0,0,0,0,0,41700
2008,OE,46,Ministerio de Salud y Deportes,11,0,1,PARTICIPACION COMUNITARIA,GESTION MOVILIZACION Y CONTROL,128291,28500,18209,0,0,0,0,0,0,175000
2008,OE,46,Ministerio de Salud y Deportes,12,0,1,INTERSECTORIALIDAD,PROMOCION DE LA SALUD,3732968,607830,728495,154998,0,0,0,42000,0,5266291
2008,OE,46,Ministerio de Salud y Deportes,13,0,1,SOLIDARIDAD,NUTRICION,0,163000,29000,8000,0,0,0,0,0,200000
2008,OE,46,Ministerio de Salud y Deportes,13,0,2,SOLIDARIDAD,REDUCCION DE LA VIOLENCIA,0,249896,73354,0,0,0,0,0,0,323250
2008,OE,46,Ministerio de Salud y Deportes,13,1,0,SOLIDARIDAD,DESAR. PROGRAMA DE FORTIFICACION DE ALIMENTOS EN BOLIVIA - G,72276,6607639,544388,5609323,0,0,0,0,0,12833626
2008,OE,46,Ministerio de Salud y Deportes,13,2,0,SOLIDARIDAD,DESAR. PROGRAMA NACIONAL DE NUTRICION,436646,1261969,29585,421800,0,0,0,0,0,2150000
2008,OE,46,Ministerio de Salud y Deportes,99,0,1,TRANSFERENCIAS,TRANSFERENCIAS,0,0,0,0,11887204,0,76858616,0,0,88745820
2008,OE,47,"Ministerio Desarrollo Rural, Agropecuario y Medio Ambiente",0,0,1,ADMINISTRACIÓN GENERAL,DIRECCIÓN SUPERIOR Y ADMINISTRACIÓN,6493401,902705,240019,58000,0,0,0,0,0,7694125
2008,OE,47,"Ministerio Desarrollo Rural, Agropecuario y Medio Ambiente",10,0,1,POLÍTICAS DE DESARROLLO RURAL Y AGROPECUARIO,POLÍTICAS DE DESARROLLO RURAL Y AGROPECUARIO,7309734,838213,198686,30000,0,0,0,4537,0,8381170
2008,OE,47,"Ministerio Desarrollo Rural, Agropecuario y Medio Ambiente",10,1,0,POLÍTICAS DE DESARROLLO RURAL Y AGROPECUARIO,APLIC. DEL PROG. ASIST. TECNICA PARA PEQ PROD PROSAT,0,2955619,189819,18540,0,0,0,0,0,3163978
2008,OE,47,"Ministerio Desarrollo Rural, Agropecuario y Medio Ambiente",10,2,0,POLÍTICAS DE DESARROLLO RURAL Y AGROPECUARIO,APOYO AL MACA APSA II - DANIDA,0,3742846,209274,47880,0,0,0,0,0,4000000
2008,OE,47,"Ministerio Desarrollo Rural, Agropecuario y Medio Ambiente",10,3,0,POLÍTICAS DE DESARROLLO RURAL Y AGROPECUARIO,ESTUDIO EMPRESA AZUCARERA BOLIVIANA,0,0,0,993115,0,0,0,0,0,993115
2008,OE,47,"Ministerio Desarrollo Rural, Agropecuario y Medio Ambiente",10,4,0,POLÍTICAS DE DESARROLLO RURAL Y AGROPECUARIO,ESTUDIO EMPRESA BOLIVIANA FORESTAL DE PRODUCTOS MADERABLES,0,0,0,401949,0,0,0,0,0,401949
2008,OE,47,"Ministerio Desarrollo Rural, Agropecuario y Medio Ambiente",10,5,0,POLÍTICAS DE DESARROLLO RURAL Y AGROPECUARIO,ESTUDIO EMPRESA BOLIVIANA FORESTAL DE PRODUCTOS NO MADERABLE,0,0,0,301462,0,0,0,0,0,301462
2008,OE,47,"Ministerio Desarrollo Rural, Agropecuario y Medio Ambiente",10,6,0,POLÍTICAS DE DESARROLLO RURAL Y AGROPECUARIO,ESTUDIO EMPRESA BOLIVIANA DE CARNE Y PRODUCTOS CARNICOS,0,0,0,528823,0,0,0,0,0,528823
2008,OE,47,"Ministerio Desarrollo Rural, Agropecuario y Medio Ambiente",10,7,0,POLÍTICAS DE DESARROLLO RURAL Y AGROPECUARIO,ESTUDIO EMPRESA BOLIVIANA DEL LAGARTO,0,0,0,228000,0,0,0,0,0,228000
2008,OE,47,"Ministerio Desarrollo Rural, Agropecuario y Medio Ambiente",10,8,0,POLÍTICAS DE DESARROLLO RURAL Y AGROPECUARIO,IMPLEMENTACION SIST. NACIONAL DE ALERTA TEMPRANA Y GESTION,0,0,0,306113,0,0,0,0,0,306113
2008,OE,47,"Ministerio Desarrollo Rural, Agropecuario y Medio Ambiente",10,9,0,POLÍTICAS DE DESARROLLO RURAL Y AGROPECUARIO,DESARR. COMPLEJOS PRODUCTIVOS TERRITORIALES SCZ-CHU-LPZ,0,802491,0,0,0,0,0,0,0,802491
2008,OE,47,"Ministerio Desarrollo Rural, Agropecuario y Medio Ambiente",10,10,0,POLÍTICAS DE DESARROLLO RURAL Y AGROPECUARIO,ESTUDIO TECNIFICACION PARA EL DESARR. Y TRANSFORMACION PROD.,0,0,0,229748,0,0,0,0,0,229748
2008,OE,47,"Ministerio Desarrollo Rural, Agropecuario y Medio Ambiente",12,0,1,DESARROLLO INTEGRAL EN ZONAS PRODUCTORAS DE HOJA DE COCA,VICEMINISTERIO DE COCA Y DESARROLLO INTEGRAL,8275752,1564497,779063,4000,0,0,0,1000,0,10624312
2008,OE,47,"Ministerio Desarrollo Rural, Agropecuario y Medio Ambiente",12,0,4,DESARROLLO INTEGRAL EN ZONAS PRODUCTORAS DE HOJA DE COCA,DIRECCIÓN GENERAL DE LA HOJA DE COCA E INDUSTRIALIZACIÓN,3844962,1872019,800214,527976,0,0,0,60000,0,7105171
2008,OE,47,"Ministerio Desarrollo Rural, Agropecuario y Medio Ambiente",12,0,6,DESARROLLO INTEGRAL EN ZONAS PRODUCTORAS DE HOJA DE COCA,UNIDAD DE DESARROLLO INTEGRAL (UDI),0,878400,0,0,0,0,0,0,0,878400
2008,OE,47,"Ministerio Desarrollo Rural, Agropecuario y Medio Ambiente",12,1,0,DESARROLLO INTEGRAL EN ZONAS PRODUCTORAS DE HOJA DE COCA,MANEJO INTEGRAL DE LOS RRNN TROPICO DE COCHABAMBA Y LOS YUNG,0,4560000,0,0,0,0,0,0,0,4560000
2008,OE,47,"Ministerio Desarrollo Rural, Agropecuario y Medio Ambiente",12,4,0,DESARROLLO INTEGRAL EN ZONAS PRODUCTORAS DE HOJA DE COCA,CONST. MANT.Y CONST.CAMINOS VECINALES CHAPARE Y YUNGAS FASEI,13348872,2800416,11826761,20410371,0,0,0,5580,0,48392000
2008,OE,47,"Ministerio Desarrollo Rural, Agropecuario y Medio Ambiente",12,6,0,DESARROLLO INTEGRAL EN ZONAS PRODUCTORAS DE HOJA DE COCA,MANEJO PROYECTO CONCADE- IBTA CHAPAPE,966529,232101,132919,9230,0,0,0,600,0,1341379
2008,OE,47,"Ministerio Desarrollo Rural, Agropecuario y Medio Ambiente",12,7,0,DESARROLLO INTEGRAL EN ZONAS PRODUCTORAS DE HOJA DE COCA,ACTUAL. APOYO A LA NUEVA ESTRAT. DE DES. ALTERN. DE BOLIVIA,2293438,1212700,366362,37585201,0,0,0,0,0,41457701
2008,OE,47,"Ministerio Desarrollo Rural, Agropecuario y Medio Ambiente",12,8,0,DESARROLLO INTEGRAL EN ZONAS PRODUCTORAS DE HOJA DE COCA,REAL. APROVECHAMIENTO FORESTALENE EL TROPICO DE COCHABAMBA,3110091,1498796,3556100,4522213,0,0,0,0,0,12687200
2008,OE,47,"Ministerio Desarrollo Rural, Agropecuario y Medio Ambiente",12,10,0,DESARROLLO INTEGRAL EN ZONAS PRODUCTORAS DE HOJA DE COCA,MEJ. Y EMPEDRADO DE CAMINOS EN EL MUN.COROICO,0,15000,0,550678,0,0,0,0,0,565678
2008,OE,47,"Ministerio Desarrollo Rural, Agropecuario y Medio Ambiente",13,0,1,CONTROL DE SANIDAD AGROPECUARIA E INOCUIDAD ALIMENTARIA,LABORATORIOS DE REFERENCIA,500091,681505,836312,118300,0,0,0,144252,0,2280460
2008,OE,47,"Ministerio Desarrollo Rural, Agropecuario y Medio Ambiente",13,0,3,CONTROL DE SANIDAD AGROPECUARIA E INOCUIDAD ALIMENTARIA,CONTROL DE SANIDAD AGROPECUARIA E INOCUIDAD ALIMENTARIA,7889978,0,0,0,0,0,0,0,0,7889978
2008,OE,47,"Ministerio Desarrollo Rural, Agropecuario y Medio Ambiente",13,1,0,CONTROL DE SANIDAD AGROPECUARIA E INOCUIDAD ALIMENTARIA,CONTROL SERV. NAL. DE SANIDAD AGROP. E INOCUIDAD ALIMENTARIA,8319290,17526539,10116757,12196808,0,0,0,0,0,48159394
2008,OE,47,"Ministerio Desarrollo Rural, Agropecuario y Medio Ambiente",13,2,0,CONTROL DE SANIDAD AGROPECUARIA E INOCUIDAD ALIMENTARIA,CAPAC. MANEJO DE LA MOSCA DE LA FRUTA NACIONAL,0,4347496,2202820,113621,0,0,0,36540,0,6700477
2008,OE,47,"Ministerio Desarrollo Rural, Agropecuario y Medio Ambiente",13,3,0,CONTROL DE SANIDAD AGROPECUARIA E INOCUIDAD ALIMENTARIA,DESAR. PROG. NACIONAL DE SANIDAD EN CAMELIDOS SUDAMERICANOS,0,1852700,322710,8050,0,0,0,0,0,2183460
2008,OE,47,"Ministerio Desarrollo Rural, Agropecuario y Medio Ambiente",14,0,2,APOYO A LA SEGURIDAD ALIMENTARIA,FORTALECIMIENTO GERENCIA NACIONAL PASA II,4591659,1514598,447132,45470,0,0,0,31000,0,6629859
2008,OE,47,"Ministerio Desarrollo Rural, Agropecuario y Medio Ambiente",14,1,0,APOYO A LA SEGURIDAD ALIMENTARIA,"FORT. INCREMEN. RECURSOS INVERSION PUBLICA ORURO, LA PAZ Y P",0,0,44717,524132,0,0,0,0,0,568849
2008,OE,47,"Ministerio Desarrollo Rural, Agropecuario y Medio Ambiente",14,2,0,APOYO A LA SEGURIDAD ALIMENTARIA,FORT. PREINVERSION Y ASISTENCIA TECNICA EN MUNICIPIOS PASA -,0,157386,14666,2279991,0,0,0,0,0,2452043
2008,OE,47,"Ministerio Desarrollo Rural, Agropecuario y Medio Ambiente",14,4,0,APOYO A LA SEGURIDAD ALIMENTARIA,FORT. CIERRE DE PROYECTOS CARTERA VII-XIV,0,19620,0,235310,0,0,0,0,0,254930
2008,OE,47,"Ministerio Desarrollo Rural, Agropecuario y Medio Ambiente",14,5,0,APOYO A LA SEGURIDAD ALIMENTARIA,CAPAC. ASISTENCIA TÉCNICA SEMILLERA FASE 2 NACIONAL,4492793,5030035,2323176,1368608,0,0,0,0,0,13214612
2008,OE,47,"Ministerio Desarrollo Rural, Agropecuario y Medio Ambiente",14,6,0,APOYO A LA SEGURIDAD ALIMENTARIA,REHABIL. PRODUCTIVA AGROPECUARIA AREAS AFECTADAS FENOMENO DE,0,27712,19400,259000,0,0,0,0,0,306112
2008,OE,47,"Ministerio Desarrollo Rural, Agropecuario y Medio Ambiente",15,0,1,PROGRAMA NACIONAL DE SEMILLAS,SEMILLAS RECURSOS PROPIOS,4395748,2588479,1471474,0,0,0,0,694524,0,9150225
2008,OE,47,"Ministerio Desarrollo Rural, Agropecuario y Medio Ambiente",15,0,3,PROGRAMA NACIONAL DE SEMILLAS,RED.Y DISTRIB. SEMILLAS DE PAPA EN CBBA Y CHUQUISACA (MISKA),0,12000,0,0,0,0,0,0,0,12000
2008,OE,47,"Ministerio Desarrollo Rural, Agropecuario y Medio Ambiente",15,2,0,PROGRAMA NACIONAL DE SEMILLAS,CAPAC. ASISTENCIA TECNICA SEMILLERA,0,12000,0,0,0,0,0,0,0,12000
2008,OE,47,"Ministerio Desarrollo Rural, Agropecuario y Medio Ambiente",16,1,0,SISTEMA BOLIVIANO DE TECNOLOGÍA AGROPECUARIA,INVEST. SISTEMA BOLIVIANO DE TECNOLOGIA AGROPECUARIA (SIBTA),51738,1566707,498052,3852756,0,0,0,0,0,5969253
2008,OE,47,"Ministerio Desarrollo Rural, Agropecuario y Medio Ambiente",20,1,0,PROYECTO DE ALIANZAS RURALES,APOYO P/MEJ. OPORTUNIDADES DE NEGOCIOS DE LOS PRODUCTORES RU,0,1593658,381912,13675077,0,0,0,0,0,15650647
2008,OE,47,"Ministerio Desarrollo Rural, Agropecuario y Medio Ambiente",21,0,1,POLÍTICAS DE TIERRAS,ACTIVIDADES DE POLÍTICAS DE TIERRAS,2963301,294665,108827,0,0,0,0,0,0,3366793
2008,OE,47,"Ministerio Desarrollo Rural, Agropecuario y Medio Ambiente",21,0,3,POLÍTICAS DE TIERRAS,PROYECTO TIERRAS Y DESARROLLO AGRARIO,0,4223638,560761,22500,0,0,2569501,0,0,7376400
2008,OE,47,"Ministerio Desarrollo Rural, Agropecuario y Medio Ambiente",21,1,0,POLÍTICAS DE TIERRAS,APLIC. PROG. SECTORIAL APOYO A DERECHOS PUEBLOS INDIGENAS,548537,1202560,445973,2719930,0,0,0,0,0,4917000
2008,OE,47,"Ministerio Desarrollo Rural, Agropecuario y Medio Ambiente",22,0,1,POLÍTICAS DEBIODIVERSIDAD Y RECURSOS FORESTALES,"ACTIVIDADES DE BIODIVERSIDAD, FORESTALES Y MEDIO AMBIENTE",2560766,299300,62741,0,0,0,0,0,0,2922807
2008,OE,47,"Ministerio Desarrollo Rural, Agropecuario y Medio Ambiente",22,0,2,POLÍTICAS DEBIODIVERSIDAD Y RECURSOS FORESTALES,REGISTRO NACIONAL DE CONSULTORES AMBIENTALES (RENCA),0,40400,43270,18329,0,0,0,0,0,101999
2008,OE,47,"Ministerio Desarrollo Rural, Agropecuario y Medio Ambiente",22,0,3,POLÍTICAS DEBIODIVERSIDAD Y RECURSOS FORESTALES,MULTAS POR CONTRAVENCIONES A LA LEY FDE MEDIO AMBIENTE,0,753410,208300,100000,0,0,0,0,0,1061710
2008,OE,47,"Ministerio Desarrollo Rural, Agropecuario y Medio Ambiente",22,0,4,POLÍTICAS DEBIODIVERSIDAD Y RECURSOS FORESTALES,AUDOTORÍAS AMBIENTALES,0,1192284,0,0,0,0,0,0,0,1192284
2008,OE,47,"Ministerio Desarrollo Rural, Agropecuario y Medio Ambiente",22,0,5,POLÍTICAS DEBIODIVERSIDAD Y RECURSOS FORESTALES,CITES,0,182400,14000,25000,0,0,0,0,0,221400
2008,OE,47,"Ministerio Desarrollo Rural, Agropecuario y Medio Ambiente",22,0,9,POLÍTICAS DEBIODIVERSIDAD Y RECURSOS FORESTALES,MONITOREO SOCIO AMBIENTAL,0,170000,70310,0,0,0,0,0,0,240310
2008,OE,47,"Ministerio Desarrollo Rural, Agropecuario y Medio Ambiente",22,0,10,POLÍTICAS DEBIODIVERSIDAD Y RECURSOS FORESTALES,ESTUDIO DE IMPACTO FEN. DEL NIÑO EN LA DIV.BIO. BENI Y PANDO,0,208195,27217,0,0,0,0,62985,0,298397
2008,OE,47,"Ministerio Desarrollo Rural, Agropecuario y Medio Ambiente",23,0,5,SERVICIO NACIONAL DE ÁREAS PROTEGIDAS (SERNAP),SERVICIO NACIONAL DE AREAS PROTEGIDAS,9019205,15254278,3680591,2119814,0,0,1985451,296035,0,32355374
2008,OE,47,"Ministerio Desarrollo Rural, Agropecuario y Medio Ambiente",23,1,0,SERVICIO NACIONAL DE ÁREAS PROTEGIDAS (SERNAP),PROTEC. AMBIENTAL Y SOCIAL CORREDOR SANTA CRUZ - PUERTO SUAR,0,343763,569522,1187355,0,0,0,0,0,2100640
2008,OE,47,"Ministerio Desarrollo Rural, Agropecuario y Medio Ambiente",97,-1,-1,ACTIVOS FINANCIEROS,NO DECLARADO,0,0,0,0,4521999,0,0,0,0,4521999
2008,OE,47,"Ministerio Desarrollo Rural, Agropecuario y Medio Ambiente",98,0,5,GASTOS POR TRANSFERENCIAS,TRANSFERENCIAS A ORGANISMOS INTERNACIONALES,0,0,0,0,0,0,176100,0,0,176100
2008,OE,47,"Ministerio Desarrollo Rural, Agropecuario y Medio Ambiente",98,0,7,GASTOS POR TRANSFERENCIAS,TRANSFERENCIAS SUPERINTENDENCIA SERVICIO CIVIL,0,0,0,0,0,0,15491,0,0,15491
2008,OE,47,"Ministerio Desarrollo Rural, Agropecuario y Medio Ambiente",98,0,9,GASTOS POR TRANSFERENCIAS,TRANSFERENCIAS PREFECTURA P.M.A.,0,0,0,0,0,0,2891215,0,0,2891215
2008,OE,47,"Ministerio Desarrollo Rural, Agropecuario y Medio Ambiente",98,0,11,GASTOS POR TRANSFERENCIAS,TRANSFERENCIAS DEL PASA A MUNICIPIOS,0,0,0,0,0,0,56432968,0,0,56432968
2008,OE,47,"Ministerio Desarrollo Rural, Agropecuario y Medio Ambiente",98,0,12,GASTOS POR TRANSFERENCIAS,TRANSFERENCIAS AL CIDAP,0,0,0,0,0,0,460589,0,0,460589
2008,OE,47,"Ministerio Desarrollo Rural, Agropecuario y Medio Ambiente",98,0,17,GASTOS POR TRANSFERENCIAS,TRANSFERENCIAS SUPERINTENDENCIA SERVICIO CIVIL,0,0,0,0,0,0,2992,0,0,2992
2008,OE,47,"Ministerio Desarrollo Rural, Agropecuario y Medio Ambiente",98,0,18,GASTOS POR TRANSFERENCIAS,TRANSFERENCIA SUPERINTENDENCIA SERVICIO CIVIL,0,0,0,0,0,0,27755,0,0,27755
2008,OE,47,"Ministerio Desarrollo Rural, Agropecuario y Medio Ambiente",98,0,19,GASTOS POR TRANSFERENCIAS,TRANSFERENCIAS SUPERINTENDENCIA SERVICIO CIVIL,0,0,0,0,0,0,10608,0,0,10608
2008,OE,66,Ministerio de Planificación del Desarrollo,0,0,1,APOYO A LA GESTION INSTITUCIONAL,ADMINISTRACION GENERAL,4351037,1690145,379677,30000,0,0,0,0,0,6450859
2008,OE,66,Ministerio de Planificación del Desarrollo,0,0,2,APOYO A LA GESTION INSTITUCIONAL,VICEMIN. PLANIFICACION Y COORDINACION,1774602,224157,45050,0,0,0,0,0,0,2043809
2008,OE,66,Ministerio de Planificación del Desarrollo,0,0,3,APOYO A LA GESTION INSTITUCIONAL,VICEMIN. PLANIFICACION TERRITORIAL Y AMBIENTAL,1615403,212143,42579,0,0,0,0,0,0,1870125
2008,OE,66,Ministerio de Planificación del Desarrollo,0,0,4,APOYO A LA GESTION INSTITUCIONAL,VICEMIN. PLANIFICACION ESTRATEGICA PLURIANUAL,972235,157258,33127,0,0,0,0,0,0,1162620
2008,OE,66,Ministerio de Planificación del Desarrollo,0,0,5,APOYO A LA GESTION INSTITUCIONAL,VICEMIN. CIENCIA Y TECNOLOGIA,1170764,161781,38440,0,0,0,0,0,0,1370985
2008,OE,66,Ministerio de Planificación del Desarrollo,0,0,6,APOYO A LA GESTION INSTITUCIONAL,VICEMIN. INVERSION PUBLICA Y FINANCIAMIENTO EXTERNO,9067523,1443671,339994,20483,0,0,0,0,0,10871671
2008,OE,66,Ministerio de Planificación del Desarrollo,10,0,3,GESTION AMBIENTAL DE SUSTANCIAS AGOTADORAS DEL OZONO,PLAN TERMINAL MANEJO ELIMINACION CFC BOLIVIA,0,521020,99420,177560,0,0,0,0,0,798000
2008,OE,66,Ministerio de Planificación del Desarrollo,10,2,0,GESTION AMBIENTAL DE SUSTANCIAS AGOTADORAS DEL OZONO,IMPLEM. DEL PROTOCOLO DE MONTREAL EN BOLIVIA,0,459190,23850,5000,0,0,0,0,0,488040
2008,OE,66,Ministerio de Planificación del Desarrollo,11,5,0,GESTION AMBIENTAL,INVEN. CLIMATICA EN EL PARQUE NOEL KEMPFF MERCADO,0,144735,5000,0,0,0,0,0,0,149735
2008,OE,66,Ministerio de Planificación del Desarrollo,12,1,0,RED DE PROTECCION SOCIAL,IMPLEM. DESARROLLO COMPLEJOS PRODUCTIVOS - NACIONAL,0,803520,27203,0,0,0,0,0,0,830723
2008,OE,66,Ministerio de Planificación del Desarrollo,12,2,0,RED DE PROTECCION SOCIAL,IMPLEM. PROGRAMA DE RED DE PROTECCION SOCIAL,0,8190912,1978365,0,0,0,0,0,0,10169277
2008,OE,66,Ministerio de Planificación del Desarrollo,13,0,1,UNIDAD DE PRODUCTIVIDAD Y COMPETITIVIDAD,ACTIVIDAD SUPERIOR,802146,609265,24239,0,0,0,0,0,0,1435650
2008,OE,66,Ministerio de Planificación del Desarrollo,13,0,2,UNIDAD DE PRODUCTIVIDAD Y COMPETITIVIDAD,INNOVACION EN COMPLEJOS PRODUCTIVOS,0,834333,0,0,0,0,0,0,0,834333
2008,OE,66,Ministerio de Planificación del Desarrollo,13,0,3,UNIDAD DE PRODUCTIVIDAD Y COMPETITIVIDAD,RED BOLIVIANA DE PRODUCTIVIDAD E INNOVACION,0,913074,2640,0,0,0,0,0,0,915714
2008,OE,66,Ministerio de Planificación del Desarrollo,13,0,4,UNIDAD DE PRODUCTIVIDAD Y COMPETITIVIDAD,INNOVACION EN LA GESTION PUBLICA,0,500984,4448,0,0,0,0,0,0,505432
2008,OE,66,Ministerio de Planificación del Desarrollo,14,0,1,POL. Y ESTR. DE INVERSION PÚBLICA Y FINAN.EXT. PARA EL DES.,PROYECTO PNUD,0,2242314,249044,52005,0,0,0,0,0,2543363
2008,OE,66,Ministerio de Planificación del Desarrollo,14,0,3,POL. Y ESTR. DE INVERSION PÚBLICA Y FINAN.EXT. PARA EL DES.,REGISTRO NACIONAL DE CONSULTORIAS,212355,137825,85189,48559,0,0,0,0,0,483928
2008,OE,66,Ministerio de Planificación del Desarrollo,14,0,4,POL. Y ESTR. DE INVERSION PÚBLICA Y FINAN.EXT. PARA EL DES.,PROGRAMA  DE MONETIZACION,0,234351,0,0,0,0,0,7579564,0,7813915
2008,OE,66,Ministerio de Planificación del Desarrollo,14,0,5,POL. Y ESTR. DE INVERSION PÚBLICA Y FINAN.EXT. PARA EL DES.,UNIDAD DE ADMINISTRACION DE PROGRAMAS,0,969204,55575,439425,0,0,0,0,0,1464204
2008,OE,66,Ministerio de Planificación del Desarrollo,14,0,6,POL. Y ESTR. DE INVERSION PÚBLICA Y FINAN.EXT. PARA EL DES.,PROG. MULTISECTORIAL DE INFRAESTRUCTURA RURAL,0,2858444,302742,143036,0,0,0,0,3000,3307222
2008,OE,66,Ministerio de Planificación del Desarrollo,14,0,7,POL. Y ESTR. DE INVERSION PÚBLICA Y FINAN.EXT. PARA EL DES.,PROG. DE APOYO AL SISTEMA NACIONAL DE INVERSION PUBLICA,0,4322873,56211,1400416,0,0,0,0,0,5779500
2008,OE,66,Ministerio de Planificación del Desarrollo,14,0,8,POL. Y ESTR. DE INVERSION PÚBLICA Y FINAN.EXT. PARA EL DES.,ADMINISTRACION DEL VIPFE,0,835932,42320,472653,0,0,390500,0,0,1741405
2008,OE,66,Ministerio de Planificación del Desarrollo,14,1,0,POL. Y ESTR. DE INVERSION PÚBLICA Y FINAN.EXT. PARA EL DES.,DESAR.REDIS.SIST. INFOR.SOBRE INVERSION PUBLICA-SISIN FASE I,1063607,76447,2092,212842,0,0,0,0,0,1354988
2008,OE,66,Ministerio de Planificación del Desarrollo,14,2,0,POL. Y ESTR. DE INVERSION PÚBLICA Y FINAN.EXT. PARA EL DES.,DESAR. INSTRUMENTOS TÈCNICOS DEL SNIP,0,1254000,0,0,0,0,0,0,0,1254000
2008,OE,66,Ministerio de Planificación del Desarrollo,14,3,0,POL. Y ESTR. DE INVERSION PÚBLICA Y FINAN.EXT. PARA EL DES.,DESAR. METODOLOGIAS PARA EL SNIP,0,4414840,0,0,0,0,0,0,0,4414840
2008,OE,66,Ministerio de Planificación del Desarrollo,14,5,0,POL. Y ESTR. DE INVERSION PÚBLICA Y FINAN.EXT. PARA EL DES.,IMPLEM. CALIBRACION Y ADAPTACION DEL MODELO HDM-4 A BOLIVIA,0,1377880,0,0,0,0,0,0,0,1377880
2008,OE,66,Ministerio de Planificación del Desarrollo,15,1,0,IMPLEMENTACION DE SUKA KOLLUS,IMPLEM. DE SUKA KOLLUS,160469,784302,91366,6750,0,0,0,0,0,1042887
2008,OE,66,Ministerio de Planificación del Desarrollo,16,1,0,PROGRAMA DE INCENTIVOS AL MANEJO SOST. DE LA TIERRA,MANEJO DE RECURSOS NATURALES EN EL CHACO Y VALLES ALTOS,0,20284388,595915,10253451,0,0,0,10434,0,31144188
2008,OE,66,Ministerio de Planificación del Desarrollo,17,0,1,ADAPTACION AL CAMBIO CLIMATICO,OF.ASESORAMIENTO TEC.Y GENERA.EXCED. PROY MDL MER CARBON,0,951020,27600,3000,0,0,0,0,0,981620
2008,OE,66,Ministerio de Planificación del Desarrollo,17,3,0,ADAPTACION AL CAMBIO CLIMATICO,PREVEN. ESTUDIO DEL CAMBIO CLIMATICO EN BOLIVIA,0,618750,10000,0,0,0,0,0,0,628750
2008,OE,66,Ministerio de Planificación del Desarrollo,17,4,0,ADAPTACION AL CAMBIO CLIMATICO,"PRESER., ADAPT. Y MITIGACION DEL CAMBIO CLIMATICO EN BOLIVIA",0,7909972,184828,80000,0,0,0,0,0,8174800
2008,OE,66,Ministerio de Planificación del Desarrollo,17,5,0,ADAPTACION AL CAMBIO CLIMATICO,DESAR.CAPACIDADES A LAS TRANSACCIONES FINANCIERAS DE CARBONO,0,2417499,26000,93800,0,0,0,0,0,2537299
2008,OE,66,Ministerio de Planificación del Desarrollo,17,6,0,ADAPTACION AL CAMBIO CLIMATICO,INVEN. II COMUNICACIÓN NACIONAL DE BOLIVIA ANTE LA CMNUCC,0,1379396,27354,23871,0,0,0,0,0,1430621
2008,OE,66,Ministerio de Planificación del Desarrollo,17,7,0,ADAPTACION AL CAMBIO CLIMATICO,IMPLEM. ADAPTACION AL CAMBIO CLIMATICO REGION ANDINA,0,406560,0,654500,0,0,0,0,0,1061060
2008,OE,66,Ministerio de Planificación del Desarrollo,19,0,1,REFORMAS AL ESTADO,ACTIVIDADES COMUNES,0,804524,54276,0,0,0,0,0,0,858800
2008,OE,66,Ministerio de Planificación del Desarrollo,19,0,2,REFORMAS AL ESTADO,PLANIFICACION Y COORDINACION,0,854000,736430,0,0,0,0,0,0,1590430
2008,OE,66,Ministerio de Planificación del Desarrollo,19,0,3,REFORMAS AL ESTADO,PLANIFICACION TERRITORIAL,0,861000,58000,14000,0,0,0,0,0,933000
2008,OE,66,Ministerio de Planificación del Desarrollo,19,0,4,REFORMAS AL ESTADO,PLANIFICACION AMBIENTAL,0,845200,69000,18800,0,0,0,0,0,933000
2008,OE,66,Ministerio de Planificación del Desarrollo,19,0,5,REFORMAS AL ESTADO,CIENCIA Y TECNOLOGIA,0,800951,96486,9889,0,0,0,0,0,907326
2008,OE,66,Ministerio de Planificación del Desarrollo,19,0,6,REFORMAS AL ESTADO,PLANIFICACION ESTRATEGICA PLURIANUAL,0,542425,98400,60000,0,0,0,0,0,700825
2008,OE,66,Ministerio de Planificación del Desarrollo,21,0,1,PROG. NAL. DE CONTAMINANTES ORGÁNICOS PERSISTENTES,CONTAMINANTES ORGÁNICOS PERSISTENES (COP ́S),0,227100,37190,0,0,0,0,0,0,264290
2008,OE,66,Ministerio de Planificación del Desarrollo,22,1,0,SISTEMA BOLIVIANO DE DIFUSION TECNOLOGICA,IMPLEM.SIST.BOLIVIANO DE INNOVACION Y DIFUSION TECNOLOGICA,0,504284,0,0,0,0,0,0,0,504284
2008,OE,66,Ministerio de Planificación del Desarrollo,22,2,0,SISTEMA BOLIVIANO DE DIFUSION TECNOLOGICA,MEJ. DE LOS SERVICIOS TECNICOS PARA LA PRODUCCION,0,434312,0,0,0,0,0,0,0,434312
2008,OE,66,Ministerio de Planificación del Desarrollo,22,3,0,SISTEMA BOLIVIANO DE DIFUSION TECNOLOGICA,IMPLEM. SISTEMA DE INFORMACION CIENTIFICA TECNOLOGICA,0,271961,0,0,0,0,0,0,0,271961
2008,OE,66,Ministerio de Planificación del Desarrollo,23,0,1,PROPUESTA PAIS CORP. DESAFIO  DEL MILENIO,CUENTA DEL DESAFIO DEL MILENIO,0,1424200,26700,20600,0,0,0,0,0,1471500
2008,OE,66,Ministerio de Planificación del Desarrollo,24,0,1,SEGUIM. PROGRAMA AMBIENTAL COOPERACION DANESA,SEGUIM. PROGRAMA AMBIENTAL COOPERACION DANESA,0,1722330,211000,600000,0,0,0,0,0,2533330
2008,OE,66,Ministerio de Planificación del Desarrollo,25,0,1,FORTALECIMIENTO DEL SIST.NAL.PLANIFICACION DEL DESARROLLO,FORTALECIMIENTO DEL SIST.NAL. PLANIFICACION DEL DESARROLLO,0,12782146,232200,2021184,0,0,0,0,0,15035530
2008,OE,66,Ministerio de Planificación del Desarrollo,26,0,1,RED PROG.PROTECC.SOC. Y DES.INTEGRAL COMUNITARIO (RPS-DIC),RED PROTECCION SOCIAL Y DESARROLLO INTEGRAL COMUNITARIO,0,1833000,105000,456000,0,0,0,0,0,2394000
2008,OE,66,Ministerio de Planificación del Desarrollo,99,0,1,TRANSFERENCIAS,TRANSFERENCIAS,0,0,0,0,0,0,51040079,0,60000000,111040079
2008,OE,70,Ministerio de Trabajo,0,0,1,GESTION ADMINISTRATIVA,GESTION ADMINISTRATIVA-APOYO A LOS PROGRAMAS ESPECIFICOS,5154474,1443666,407143,54291,3226458,0,9505,0,0,10295537
2008,OE,70,Ministerio de Trabajo,10,0,1,DIGNIFICACION DEL TRABAJO,DIGNIFICACION DEL TRABAJO,645133,140368,109688,42437,0,0,0,0,0,937626
2008,OE,70,Ministerio de Trabajo,10,0,2,DIGNIFICACION DEL TRABAJO,COMISIONADO DE ERRADICACION PROGRESIVA DEL TRABJO INFANTIL,164813,0,0,0,0,0,0,0,0,164813
2008,OE,70,Ministerio de Trabajo,10,0,3,DIGNIFICACION DEL TRABAJO,DIGNIFICACION DEL TRABAJO-JEFATURAS DEPARTAMENTALES,5195950,762558,240690,73030,0,0,0,0,0,6272228
2008,OE,70,Ministerio de Trabajo,11,0,1,CREACION DE CONDICIONES PARA LA GENERACION DE EMPLEO,CREACION DE CONDICIONES PARA LA GENERACION DE EMPLEO,649089,342777,170392,138105,0,0,0,0,0,1300363
2008,OE,70,Ministerio de Trabajo,12,0,1,PROMOCION DEL SINDICALISMO,FORTALECIMIENTO DEL SECTOR SINDICAL,378048,78089,66387,0,0,0,0,0,0,522524
2008,OE,70,Ministerio de Trabajo,13,0,1,FORTALECIMIENTO DEL SECTOR COOPERATIVO,"PROMOCION, EDUCACION Y CAPACITACION COOPERATIVA",1162105,72329,79857,47900,0,0,0,0,0,1362191
2008,OE,70,Ministerio de Trabajo,14,0,1,RED INFORMATICA DEL MINISTERIO DE TRABAJO,RED INFORMATICA DEL MINISTERIO DE TRABAJO,0,35000,0,0,0,0,0,0,0,35000
2008,OE,70,Ministerio de Trabajo,90,0,1,APOYO A ORGANIZACIONES SINDICALES,APOYO A ORGANIZACIONES SINDICALES,0,0,0,0,0,0,360332,0,0,360332
2008,OE,76,Ministerio de Minería y Metalurgia,0,0,1,PROGRAMA CENTRAL,ACTIVIDAD CENTRAL,1799488,2309060,277300,610500,0,0,0,0,0,4996348
2008,OE,76,Ministerio de Minería y Metalurgia,10,0,1,DESARROLLO MINERO,ACTIVIDADES DEL PROGRAMA 10,3154700,1159469,209996,760000,0,0,0,0,0,5284165
2008,OE,76,Ministerio de Minería y Metalurgia,10,1,0,DESARROLLO MINERO,DESAR. ECONOMICO SOSTENIBLE AREAS MINERAS-APEMIN II,1899511,1002511,630083,24987038,0,0,0,0,0,28519143
2008,OE,76,Ministerio de Minería y Metalurgia,12,0,1,PRODUCCION GEOLOGICA ESTRATEGICA,ADMINISTRACION CENTRAL SERGEOTECMIN,5931997,1234552,347752,164577,5428935,0,20832,9000,235200,13372845
2008,OE,76,Ministerio de Minería y Metalurgia,12,0,2,PRODUCCION GEOLOGICA ESTRATEGICA,GENERACION DE BIENES Y SERVICIOS GEOLOGICOS,0,918040,3001024,713160,0,0,0,4084,0,4636308
2008,OE,76,Ministerio de Minería y Metalurgia,12,0,3,PRODUCCION GEOLOGICA ESTRATEGICA,CATASTRO MINERO,0,61040,242605,141050,0,0,0,0,0,444695
2008,OE,76,Ministerio de Minería y Metalurgia,12,0,4,PRODUCCION GEOLOGICA ESTRATEGICA,ELABORACION DE LA CARTA GEOLOGICA,0,135445,49952,123000,0,0,0,500,0,308897
2008,OE,76,Ministerio de Minería y Metalurgia,12,0,5,PRODUCCION GEOLOGICA ESTRATEGICA,PROSPECCION GEOLOGICA BASICA,0,247591,951434,159733,0,0,0,500,0,1359258
2008,OE,76,Ministerio de Minería y Metalurgia,12,0,6,PRODUCCION GEOLOGICA ESTRATEGICA,BIBLIOTECA VIRTUAL,0,121963,17114,5240,0,0,0,1600,0,145917
2008,OE,76,Ministerio de Minería y Metalurgia,12,1,0,PRODUCCION GEOLOGICA ESTRATEGICA,EXPLOR. GEOLOGICO MINERO EN CONCESIONES DE COMIBOL,0,345874,480410,1170716,0,0,0,3000,0,2000000
2008,OE,76,Ministerio de Minería y Metalurgia,12,2,0,PRODUCCION GEOLOGICA ESTRATEGICA,LEVAN DE MINAS ABANDONADAS Y ELABORACION DE ATLAS DE PASIVOS,0,402064,103700,55000,0,0,0,400,0,561164
2008,OE,76,Ministerio de Minería y Metalurgia,12,3,0,PRODUCCION GEOLOGICA ESTRATEGICA,PROSP. AURIFERA NORTE - NOR ESTE RIOS MADRE DE DIOS BENI,0,391120,92087,15793,0,0,0,1000,0,500000
2008,OE,76,Ministerio de Minería y Metalurgia,12,4,0,PRODUCCION GEOLOGICA ESTRATEGICA,DESAR. RECURSOS EVAPORITICOS DEL SALAR DE UYUNI,0,315116,11132,0,0,0,0,300,0,326548
2008,OE,76,Ministerio de Minería y Metalurgia,12,5,0,PRODUCCION GEOLOGICA ESTRATEGICA,INVEST. POTENCIAL AGUAS SUBTERRANEAS ALTIPLANO CENTRAL,0,488170,11830,0,0,0,0,0,0,500000
2008,OE,76,Ministerio de Minería y Metalurgia,12,6,0,PRODUCCION GEOLOGICA ESTRATEGICA,CLASIF. DE CUERPOS DE AGUA EN LA CUENCA MAPIRI - TIPUANI,0,53800,0,436200,0,0,0,0,0,490000
2008,OE,78,Ministerio de Hidrocarburos y Energía,0,-1,-1,ACTIVIDADES ADMINSTRATIVAS DEL SECTOR HIDROCARBUROS,NO DECLARADO,3187504,7045391,512862,0,0,0,0,0,0,10745757
2008,OE,78,Ministerio de Hidrocarburos y Energía,10,0,1,DESARROLLO DE HIDROCARBUROS,HIDROCARBUROS-EXPLORACION Y PRODUCCION,2053671,291150,104005,0,0,0,0,0,0,2448826
2008,OE,78,Ministerio de Hidrocarburos y Energía,10,0,2,DESARROLLO DE HIDROCARBUROS,HIDROCARBUROS-INDUSTRIALIZACION Y COMERCIALIZACION,2354555,251642,93677,0,0,0,0,0,0,2699874
2008,OE,78,Ministerio de Hidrocarburos y Energía,10,0,3,DESARROLLO DE HIDROCARBUROS,HIDROCARBUROS-DESARROLLO ENERGETICO,2524440,284193,95547,0,0,0,0,0,0,2904180
2008,OE,78,Ministerio de Hidrocarburos y Energía,10,0,4,DESARROLLO DE HIDROCARBUROS,AUDITORIA A EMPRESAS PETROLERAS,0,5129463,0,0,0,0,0,0,0,5129463
2008,OE,78,Ministerio de Hidrocarburos y Energía,11,0,1,DESARROLLO DE POLITICAS DE ELECTRICIDAD,ACTIVIDADES PARA DESARROLLO DE POLITICAS DE ELECTRICIDAD,1292000,260558,77310,0,0,0,0,0,22910004,24539872
2008,OE,78,Ministerio de Hidrocarburos y Energía,11,0,4,DESARROLLO DE POLITICAS DE ELECTRICIDAD,EXPANSIÓN ELECTRIFICACIÓN RURAL CON SIST. FOTOVOLTAICOS IDTR,0,11699374,186822,1751040,0,0,52202881,0,0,65840117
2008,OE,78,Ministerio de Hidrocarburos y Energía,11,0,6,DESARROLLO DE POLITICAS DE ELECTRICIDAD,ELECTRIFICACIÓN RURAL CON ENERGÍAS RENOVABLES BOL/97/G31,0,500181,0,0,0,0,1039822,0,0,1540003
2008,OE,78,Ministerio de Hidrocarburos y Energía,11,1,0,DESARROLLO DE POLITICAS DE ELECTRICIDAD,CONST.SIST.ELECTRIFICACION RURAL ENERGIAS RENOVABLES,0,144985,50599,7743145,0,0,0,0,0,7938729
2008,OE,78,Ministerio de Hidrocarburos y Energía,11,2,0,DESARROLLO DE POLITICAS DE ELECTRICIDAD,IMPL. SISTEMAS FOTOVOLTAICOS EUROSOLAR BOLIVIA,0,351742,62156,757772,0,0,0,0,0,1171670
2008,OE,78,Ministerio de Hidrocarburos y Energía,98,0,1,GASTOS POR TRANSFERENCIAS,TRANSFERENCIAS DE CAPITAL PARA PROYECTOS DE ELECTRCIDAD,0,0,0,0,0,0,154280011,0,0,154280011
2008,OE,81,"Ministerio de Obras Públicas, Servicios y Vivienda",0,0,1,ADMINISTRACION CENTRAL,ACTIVIDADES DESPACHO,4480811,1160009,294570,53196,0,0,0,0,10000,5998586
2008,OE,81,"Ministerio de Obras Públicas, Servicios y Vivienda",10,0,1,DESARROLLO POLITICAS DE TRANSPORTE,ACTIVIDADES DESARROLLO POLITICAS TRANSPORTE,2481372,731892,264864,0,0,0,0,0,0,3478128
2008,OE,81,"Ministerio de Obras Públicas, Servicios y Vivienda",10,0,2,DESARROLLO POLITICAS DE TRANSPORTE,FORTALECIMIENTO A TRANSPORTES - PAST II,0,511500,0,0,0,0,0,0,2223132,2734632
2008,OE,81,"Ministerio de Obras Públicas, Servicios y Vivienda",11,0,1,POLITICA APOYO A LA VIVIENDA Y URBANISMO,APOYO PARA EL DESARROLLO URBANO Y VIVIENDA,1614962,103137,44915,0,0,0,0,0,0,1763014
2008,OE,81,"Ministerio de Obras Públicas, Servicios y Vivienda",11,0,2,POLITICA APOYO A LA VIVIENDA Y URBANISMO,CONST. MEJORAMIENTO VIVIENDA INTERES SOCIAL (PVS),238655,11720210,558925,3665248,0,0,0,0,0,16183038
2008,OE,81,"Ministerio de Obras Públicas, Servicios y Vivienda",12,0,1,SERVICIO NACIONAL DE TELECOMUNICACIONES RURALES,ACTIVIDADES DE SENATER,2891437,410311,254066,48578,2740,0,0,6235,0,3613367
2008,OE,81,"Ministerio de Obras Públicas, Servicios y Vivienda",14,0,1,SISTEMA DE CONCESIONES VIAL,SISTEMA DE CONCESIONES,311651,59201,14554,0,0,0,0,0,0,385406
2008,OE,81,"Ministerio de Obras Públicas, Servicios y Vivienda",15,0,1,DESARROLLO POLITICAS DE TELECOMUNICACIONES,ACTIVIDADES PARA TELECOMUNICACIONES,1208704,417273,137308,0,0,0,0,0,0,1763285
2008,OE,81,"Ministerio de Obras Públicas, Servicios y Vivienda",15,0,2,DESARROLLO POLITICAS DE TELECOMUNICACIONES,CREACION DE TELECENTROS Y EXPANS. DE REDES DE TELECM. (IDTR),0,5814668,94772,48640,0,0,2280000,0,0,8238080
2008,OE,81,"Ministerio de Obras Públicas, Servicios y Vivienda",16,0,1,CENTRO DE COMUNICACIONES LA PAZ,ACTIVIDADES DE COMUNICACIONES LA PAZ,987328,2857583,478382,190000,200000,0,0,120000,0,4833293
2008,OE,81,"Ministerio de Obras Públicas, Servicios y Vivienda",24,1,0,CONSTRUCCION DE INFRAESTRUCTURA JUEGOS BOLIVARIANOS SUCRE,CONST.  POLIDEPORTIVO OLIMPICO J. DEP. BOLIVARIANOS SUCRE,466445,265733,50279,29266990,0,0,0,0,0,30049447
2008,OE,81,"Ministerio de Obras Públicas, Servicios y Vivienda",24,2,0,CONSTRUCCION DE INFRAESTRUCTURA JUEGOS BOLIVARIANOS SUCRE,CONST. PISCINA OLIMPICA - JUEGOS DEP.BOLIVIARIANOS SUCRE,199905,115257,21549,9451793,0,0,0,0,0,9788504
2008,OE,81,"Ministerio de Obras Públicas, Servicios y Vivienda",24,3,0,CONSTRUCCION DE INFRAESTRUCTURA JUEGOS BOLIVARIANOS SUCRE,CONST.POLIGIMNASIO OLIMPICO JUEGOS DEP.BOLIVIARIANOS SUCRE,133270,77638,14365,7392956,0,0,0,0,0,7618229
2008,OE,81,"Ministerio de Obras Públicas, Servicios y Vivienda",25,0,1,UNIDAD DE TITULACION,UNIDAD DE TITULACION,92105,24276052,601353,0,0,0,0,0,0,24969510
2008,OE,81,"Ministerio de Obras Públicas, Servicios y Vivienda",97,0,2,GASTOS FINANCIEROS,CONSTRUCCION Y MEJORAMIENTO VIVIENDAS DE INTERES SOCIAL,0,0,0,0,312000338,0,0,0,0,312000338
2008,OE,81,"Ministerio de Obras Públicas, Servicios y Vivienda",98,0,1,GASTOS POR TRANSFERENCIAS,TRANSFERENCIA A LA SUPER CIVIL,0,0,0,0,0,0,18909,0,0,18909
2008,OE,86,Ministerio del Agua,0,0,1,ADMINISTRACION CENTRAL,ADMINISTRACION CENTRAL,2324480,704381,335067,0,0,0,0,0,0,3363928
2008,OE,86,Ministerio del Agua,10,0,1,POLITICAS DE SERVICIOS BASICOS,POLITICAS DE SERVICIOS BASICOS,1624577,321233,218283,0,0,0,0,0,0,2164093
2008,OE,86,Ministerio del Agua,10,1,0,POLITICAS DE SERVICIOS BASICOS,DESAR. DE AGUAS SUBTERRANEAS JICA,0,85786,9214,192000,0,0,0,0,0,287000
2008,OE,86,Ministerio del Agua,10,2,0,POLITICAS DE SERVICIOS BASICOS,DESAR. PROG. DE SANEAMIENTO BASICO PARA PEQUEÑOS MUNICIPIOS,0,19335,0,46800,0,0,0,0,0,66135
2008,OE,86,Ministerio del Agua,11,0,1,POLITICAS DE RIEGO,POLITICAS DE RIEGO,1226237,222456,92832,0,0,0,0,0,0,1541525
2008,OE,86,Ministerio del Agua,11,1,0,POLITICAS DE RIEGO,"APLIC. SUBPROG. RIEGO INTERCOMUNAL MAIRANA, AIQUILE Y V.SERR",0,125410,28285,219600,0,0,0,0,0,373295
2008,OE,86,Ministerio del Agua,11,2,0,POLITICAS DE RIEGO,APLIC.SEGUIM.A PROG. ASISTENCIA TECNICA Y FINANCIERA DE PRON,0,121410,35351,281600,0,0,0,0,0,438361
2008,OE,86,Ministerio del Agua,11,3,0,POLITICAS DE RIEGO,PROGRAMA DE RIEGO SIRIC KFW CONSULTORA S.A.,0,0,0,7998957,0,0,0,0,0,7998957
2008,OE,86,Ministerio del Agua,12,0,1,POLITICAS DE CUENCAS Y RECURSOS HIDRICOS,POLITICAS DE CUENCAS Y RECURSOS HIDRICOS,1132516,154132,163014,0,0,0,0,0,0,1449662
2008,OE,86,Ministerio del Agua,15,0,1,UNIDAD OPERATIVA BOLIVIANA,UNIDAD OPERATIVA BOLIVIANA,90740,66350,12181,2283,0,0,0,0,0,171554
2008,OE,86,Ministerio del Agua,98,0,3,TRANSFERENCIAS,PLAN NACIONAL DE CUENCAS - RIO CHICO,0,0,0,0,0,0,781720,0,0,781720
2008,OE,86,Ministerio del Agua,98,0,4,TRANSFERENCIAS,PLAN NACIONAL DE CUENCAS - LA TORRE LIME,0,0,0,0,0,0,1373546,0,0,1373546
2008,OE,86,Ministerio del Agua,98,0,5,TRANSFERENCIAS,PLAN NACIONAL DE CUENCAS - PAIRUMANI,0,0,0,0,0,0,1275639,0,0,1275639
2008,OE,86,Ministerio del Agua,98,0,6,TRANSFERENCIAS,PLAN NACIONAL DE CUENCAS - CHOCAYA,0,0,0,0,0,0,1316710,0,0,1316710
2008,OE,86,Ministerio del Agua,98,0,7,TRANSFERENCIAS,PLAN NACIONAL DE CUENCAS - POCOATA,0,0,0,0,0,0,1066694,0,0,1066694
2008,OE,86,Ministerio del Agua,98,0,8,TRANSFERENCIAS,PLAN NACIONAL DE CUENCAS - HUANACOMA,0,0,0,0,0,0,752026,0,0,752026
2008,OE,86,Ministerio del Agua,98,0,9,TRANSFERENCIAS,TRANSFERENCIA A SERVICIO CIVIL,0,0,0,0,0,0,319,0,0,319
2008,OE,86,Ministerio del Agua,98,0,10,TRANSFERENCIAS,GASTOS DE CAPITAL,0,0,0,0,0,0,0,0,266000,266000
2008,OE,89,Poder Legislativo,10,0,1,LEGISLACIÓN Y FISCALIZACIÓN NACIONAL CÁMARA DE SENADORES,HONORABLE CÁMARA DE SENADORES,35514766,16846498,2207666,1180000,0,0,0,0,0,55748930
2008,OE,89,Poder Legislativo,11,0,1,LEGISLACIÓN Y FISCALIZACIÓN NACIONAL DE DIPUTADOS,HONORABLE CÁMARA DE DIPUTADOS,77045360,26044216,3193607,2687124,0,0,0,0,0,108970307
2008,OE,89,Poder Legislativo,12,0,1,DEFENSA DE DERECHOS HUMANOS,DEFENSOR DEL PUEBLO,13625127,17445964,2298619,382403,0,0,0,5801,20000,33777914
2008,OE,89,Poder Legislativo,13,0,1,REPRESENTACIÓN DEL PODER LEGISLATIVO- VICEPRESIDENCIA,REPRESENTACIÓN DEL PODER LEGISLATIVO-VICEPRESIDENCIA REPUB,4986845,3607570,1193576,159303,0,0,0,0,0,9947294
2008,OE,89,Poder Legislativo,13,0,2,REPRESENTACIÓN DEL PODER LEGISLATIVO- VICEPRESIDENCIA,REPRESENTACIÓN PRESIDENCIAL ASAMBLEA CONSTITUYENTE,1591975,856000,172000,0,0,0,0,0,0,2619975
2008,OE,89,Poder Legislativo,14,0,1,"PROMOCIÓN, DESARROLLO Y PARTIC POLÍTICA PUEBLOS INDÍGENAS",PARLAMENTO INDÍGENA,246125,319721,82464,47066,0,0,0,0,0,695376
2008,OE,91,Poder Judicial,0,0,1,GESTION ADMINISTRATIVA,ADMINISTRACION Y SEGURIDAD JURIDICA,313404870,4659576,2611089,7616054,216000,0,800000,0,0,329307589
2008,OE,91,Poder Judicial,0,0,2,GESTION ADMINISTRATIVA,EDITORIAL JUDICIAL,0,104858,1096130,467096,0,0,0,0,0,1668084
2008,OE,91,Poder Judicial,10,0,1,ADMINISTRACION DE JUSTICIA SUPREMA,GARANTIZAR PROCESOS EN LA CORTE SUPREMA,0,1336800,642000,200000,654000,0,0,0,0,2832800
2008,OE,91,Poder Judicial,11,0,1,ADMINISTRACION DE JUSITICIA CONSTITUCIONAL,GARANTIZAR PROCESOS EN EL TRIBUNAL CONSTITUCIONAL,0,2000000,637800,235760,486000,0,0,0,0,3359560
2008,OE,91,Poder Judicial,12,0,1,ADMINISTRACIÓN DE JUSTICIA AGRARIA,GARANTIZAR PROCESOS EN EL TRIBUNAL CONSTITUCIONAL,0,1301908,541742,591050,426000,0,0,0,0,2860700
2008,OE,91,Poder Judicial,13,0,1,ADMINISTRACIÓN DE JUSTICIA DEPARTAMENTAL,GARANTIZAR PROCESOS EN LAS CORTES DE DISTRITO,0,24631286,12331065,4769962,14697883,0,0,0,0,56430196
2008,OE,91,Poder Judicial,13,2,0,ADMINISTRACIÓN DE JUSTICIA DEPARTAMENTAL,CONST. CASA DE JUSTICIA DE MONTERO,0,0,0,1666737,0,0,0,0,0,1666737
2008,OE,91,Poder Judicial,13,8,0,ADMINISTRACIÓN DE JUSTICIA DEPARTAMENTAL,CONST. CASA DE JUSTCIA DE YACUIBA,0,0,0,2920193,0,0,0,0,0,2920193
2008,OE,91,Poder Judicial,13,12,0,ADMINISTRACIÓN DE JUSTICIA DEPARTAMENTAL,CONST. EDIFICIO CORTE SUPERIOR DE CHUQUISACA (FORO JUDICIAL),0,0,0,15307104,0,0,0,0,0,15307104
2008,OE,91,Poder Judicial,13,17,0,ADMINISTRACIÓN DE JUSTICIA DEPARTAMENTAL,CONST. PALACIO DE POTOSÍ,0,0,0,9413275,0,0,0,0,0,9413275
2008,OE,91,Poder Judicial,14,1,0,SANEAMIENTO DE TIERRAS Y CATASTRO LEGAL,SANEAM. DE TIERRAS Y CATASTRO LEGAL,0,9903551,14923,310000,0,0,0,0,0,10228474
2008,OE,91,Poder Judicial,15,0,1,CAPACITACION Y ACTUALIZACION JUDICIAL,CAPACITACION JUDICIAL,0,1251847,264894,50000,0,0,0,0,0,1566741
2008,OE,91,Poder Judicial,16,1,0,PROTECCION AMBIENTAL CORREDOR SANTA CRUZ - PUERTO SUAREZ,SANEAM. Y TITULACION / CORREDOR SANTA CRUZ - P. SUAREZ,0,785292,47714,545039,0,0,0,0,0,1378045
2008,OE,91,Poder Judicial,98,0,1,TRANSFERENCIAS,PAGO A JUECES CIUDADANOS,0,0,0,0,0,0,10540000,0,0,10540000
2008,OE,92,Corte Nacional Electoral,10,0,1,PROCESOS ELECTORALES Y REGISTRO CIVIL,"CONTROL NACIONAL, PROCESOS ELECTORALES Y REGISTRO CIVIL",48521179,26613653,11592483,12997438,22738501,0,0,41729,0,122504983
2008,OE,92,Corte Nacional Electoral,11,0,1,REGISTRO Y CERTIFICACION GRATUITA DE NACIMIENTO A MENORES,APOYO AL REGISTRO Y CERTIFICACION GRATUITA A MENORES,0,2000000,0,0,0,0,0,0,0,2000000
2008,OE,92,Corte Nacional Electoral,98,0,1,GASTOS POR TRANSFERENCIAS,GASTOS POR TRANSFERENCIAS,0,0,0,0,0,0,142119,0,0,142119
2008,OE,93,Contraloría General de la República,0,0,1,DESARROLLO Y FORTALECIMIENTO INSTITUCIONAL,DESPACHO CONTROL GENERAL,1503030,848100,34292,97300,0,0,0,0,0,2482722
2008,OE,93,Contraloría General de la República,0,0,2,DESARROLLO Y FORTALECIMIENTO INSTITUCIONAL,SECRETARIA GENERAL,605655,120363,27000,55780,0,0,0,0,0,808798
2008,OE,93,Contraloría General de la República,0,0,3,DESARROLLO Y FORTALECIMIENTO INSTITUCIONAL,AUDITORIA INTERNA,504219,36966,300,8896,0,0,0,0,0,550381
2008,OE,93,Contraloría General de la República,0,0,4,DESARROLLO Y FORTALECIMIENTO INSTITUCIONAL,SUBCONTRALORIA GENERAL,878360,266906,14355,39800,0,0,0,0,0,1199421
2008,OE,93,Contraloría General de la República,0,0,5,DESARROLLO Y FORTALECIMIENTO INSTITUCIONAL,GERENCIA NACIONAL ADMINISTRATIVA,3026751,3007871,2048500,884618,0,0,0,0,0,8967740
2008,OE,93,Contraloría General de la República,0,0,6,DESARROLLO Y FORTALECIMIENTO INSTITUCIONAL,GERENCIA NACIONAL DE FINANZAS,909430,114212,0,0,0,0,0,473615,2040,1499297
2008,OE,93,Contraloría General de la República,0,0,7,DESARROLLO Y FORTALECIMIENTO INSTITUCIONAL,GERENCIA NACIONAL RECURSOS HUMANOS,1507601,319438,7000,27088,0,0,0,0,0,1861127
2008,OE,93,Contraloría General de la República,10,0,1,"EJERCICIO DEL CONTROL, EXTERNO POSTERIOR",SUBCONTRALORIA SERVICIOS LEGALES,2087617,130334,0,24200,0,0,0,0,0,2242151
2008,OE,93,Contraloría General de la República,10,0,2,"EJERCICIO DEL CONTROL, EXTERNO POSTERIOR",SUBCONTRALORIA AUDITORIA EXTERNA,4720633,3847824,13780,293826,0,0,0,0,0,8876063
2008,OE,93,Contraloría General de la República,10,0,3,"EJERCICIO DEL CONTROL, EXTERNO POSTERIOR",SUBCONTRALORIA AUDITORIA EXTERNA EN AUTONOMIAS CONST.,1010067,91022,1500,35804,0,0,0,0,0,1138393
2008,OE,93,Contraloría General de la República,10,0,4,"EJERCICIO DEL CONTROL, EXTERNO POSTERIOR",SUBCONTRALORIA CONTROL INTERNO,3629976,1139353,46380,240585,0,0,0,0,0,5056294
2008,OE,93,Contraloría General de la República,10,0,5,"EJERCICIO DEL CONTROL, EXTERNO POSTERIOR",SUBCONTRALORIA SERVICIOS TECNICOS,2598638,204795,21100,121900,0,0,0,0,0,2946433
2008,OE,93,Contraloría General de la República,10,0,6,"EJERCICIO DEL CONTROL, EXTERNO POSTERIOR",GERENCIA DEPARTAMENTAL BENI,1751980,263516,42394,113520,0,0,0,0,0,2171410
2008,OE,93,Contraloría General de la República,10,0,7,"EJERCICIO DEL CONTROL, EXTERNO POSTERIOR",GERENCIA DEPARTAMENTAL CHUQUISACA,2350824,215908,28163,20500,0,0,0,0,0,2615395
2008,OE,93,Contraloría General de la República,10,0,8,"EJERCICIO DEL CONTROL, EXTERNO POSTERIOR",GERENCIA DEPARTAMENTAL COCHABAMBA,3938100,365786,113628,26160,0,0,0,0,0,4443674
2008,OE,93,Contraloría General de la República,10,0,9,"EJERCICIO DEL CONTROL, EXTERNO POSTERIOR",GERENCIA DEPARTAMENTAL TARIJA,2581679,190857,37234,0,0,0,0,0,0,2809770
2008,OE,93,Contraloría General de la República,10,0,10,"EJERCICIO DEL CONTROL, EXTERNO POSTERIOR",GERENCIA DEPARTAMENTAL ORURO,2401033,144791,21521,0,0,0,0,0,0,2567345
2008,OE,93,Contraloría General de la República,10,0,11,"EJERCICIO DEL CONTROL, EXTERNO POSTERIOR",GERENCIA DEPARTAMENTAL PANDO,1711524,203908,29926,80619,0,0,0,0,0,2025977
2008,OE,93,Contraloría General de la República,10,0,12,"EJERCICIO DEL CONTROL, EXTERNO POSTERIOR",GERENCIA DEPARTAMENTAL POTOSI,2156927,228210,12025,24800,0,0,0,0,0,2421962
2008,OE,93,Contraloría General de la República,10,0,13,"EJERCICIO DEL CONTROL, EXTERNO POSTERIOR",GERENCIA DEPARTAMENTAL SANTA CRUZ,3850888,417027,84762,170000,0,0,0,0,0,4522677
2008,OE,93,Contraloría General de la República,10,0,14,"EJERCICIO DEL CONTROL, EXTERNO POSTERIOR",GERENCIA DEPARTAMENTAL LA PAZ,3533085,210813,0,51178,0,0,0,0,0,3795076
2008,OE,93,Contraloría General de la República,11,0,1,NORMATIVA DE CONTROL GUBERNAMENTAL,NORMATIVA DE CONTROL GUBERNAMENTAL,0,41656,0,0,0,0,0,0,0,41656
2008,OE,93,Contraloría General de la República,12,0,1,CAPACITACION Y ESPECIALIZACION DE SERVIDORES PUBLICOS,CENTRO NACIONAL DE CAPACITACION,1328640,1644750,55862,125736,0,0,0,0,0,3154988
2008,OE,93,Contraloría General de la República,13,0,1,SISTEMAS DE APOYO AL CONTROL GUBERNAMENTAL,DECLARACION JURADA DE BIENES Y RENTAS,817971,527547,148920,787075,0,0,0,0,0,2281513
2008,OE,93,Contraloría General de la República,13,0,2,SISTEMAS DE APOYO AL CONTROL GUBERNAMENTAL,"REG. DE CONTRATOS, SOLV.FISCAL Y SEG. Y TRAM. DE PROCESOS",0,183840,0,2297960,0,0,0,0,0,2481800
2008,OE,93,Contraloría General de la República,98,0,1,GASTOS POR TRANSFERENCIAS,GASTOS POR TRANSFERENCIAS,0,0,0,0,0,0,47600,0,0,47600
2008,OE,94,Ministerio Público de la Nación,0,0,1,FORTALECIMIENTO DE LA JUSTICIA Y LEGALIDAD,ADMINISTRACION DE LOS PROCESOS,0,3064353,426046,2446711,0,0,0,0,0,5937110
2008,OE,94,Ministerio Público de la Nación,10,0,1,PROMOCION DE LA ACCION DE LA JUSTICIA,DESARROLLO PROCESAL PENAL,83491692,9410909,1922741,3108366,0,0,0,0,0,97933708
2008,OE,94,Ministerio Público de la Nación,20,0,1,INVESTIGACION TECNICO - CIENTIFICA,INVESTIGACION FORENSE - IDIF,0,366896,350672,0,0,0,0,0,0,717568
2008,OE,95,Consejo Supremo de Defensa Nacional,10,0,1,ASESORAMIENTO EN TEMAS DE SEGURIDAD Y DEFENSA NACIONAL,DIRECION GENERAL ADMINISTRATIVA,239515,39880,94911,0,0,0,0,0,0,374306
2008,OE,99,Tesoro General de la Nación,96,0,1,ATENCION GASTOS ESTATALES,PREVISIONES TESORO GENERAL DE LA NACION,940000000,0,0,0,0,0,0,0,2145636639,3085636639
2008,OE,99,Tesoro General de la Nación,96,0,2,ATENCION GASTOS ESTATALES,CONTINGENCIAS JUDICIALES,0,0,0,0,0,0,0,0,50000000,50000000
2008,OE,99,Tesoro General de la Nación,96,0,3,ATENCION GASTOS ESTATALES,OTRAS PREVISIONES,0,109230000,9600000,0,0,0,237074996,0,302000000,657904996
2008,OE,99,Tesoro General de la Nación,96,0,4,ATENCION GASTOS ESTATALES,FONDO RENTA UNIVERSAL DE SALUD,0,0,0,0,0,0,0,0,1457386151,1457386151
2008,OE,99,Tesoro General de la Nación,97,-1,-1,ACTIVOS FINANCIEROS,NO DECLARADO,0,0,0,0,401720566,0,0,0,0,401720566
2008,OE,99,Tesoro General de la Nación,98,0,1,GASTOS POR TRANSFERENCIAS,TRANSFERENCIAS POR SUBVENCIONES,0,0,0,0,0,0,2980921037,0,0,2980921037
2008,OE,99,Tesoro General de la Nación,98,0,2,GASTOS POR TRANSFERENCIAS,TRANSFERENCIAS POR COPARTICIPACIÓN TRIBUTARIA,0,0,0,0,0,0,6754765898,0,0,6754765898
2008,OE,99,Tesoro General de la Nación,98,0,3,GASTOS POR TRANSFERENCIAS,ATENCIÓN GASTOS ESTATALES - RENTAS,0,0,0,0,0,0,3877234915,0,0,3877234915
2008,OE,99,Tesoro General de la Nación,98,0,4,GASTOS POR TRANSFERENCIAS,TRANSFERENCIAS A PREFECTURAS,0,0,0,0,0,0,6386294209,0,0,6386294209
2008,OE,99,Tesoro General de la Nación,98,0,5,GASTOS POR TRANSFERENCIAS,"TRANSFERENCIAS A PUEBLOS INDIGENAS, ORIGINARIOS Y CAMPESINOS",0,0,0,0,195466719,0,0,0,83771451,279238170
2008,OE,99,Tesoro General de la Nación,98,0,6,GASTOS POR TRANSFERENCIAS,POR DESCUENTO EN SERVICIOS A ANCIANOS - LEY 1886,0,0,0,0,0,0,0,0,12000000,12000000
2008,OE,99,Tesoro General de la Nación,98,0,7,GASTOS POR TRANSFERENCIAS,ATENCIÓN GASTOS ESTATALES - PENSIONES VITALICIAS,0,0,0,0,0,0,177012241,0,0,177012241
2008,OE,99,Tesoro General de la Nación,98,0,8,GASTOS POR TRANSFERENCIAS,POR SUBVENCIONES A YPFB,0,0,0,0,0,0,1372274065,0,0,1372274065
2008,OE,99,Tesoro General de la Nación,99,0,2,SERVICIO DE LA DEUDA PÚBLICA,SERVICIO DE LA DEUDA PUBLICA,0,0,0,0,0,0,0,0,228210907,228210907
2008,OE,99,Tesoro General de la Nación,99,1,651,GASTOS DEVENGADOS Y SERVICIO DE LA DEUDA,Gastos Devengados No Pa,,,,,,193249482,,,,193249482
2008,OE,99,Tesoro General de la Nación,99,1,652,GASTOS DEVENGADOS Y SERVICIO DE LA DEUDA,Gastos Deveng.No Pagado,,,,,,51701445,,,,51701445
2008,OE,99,Tesoro General de la Nación,99,1,653,GASTOS DEVENGADOS Y SERVICIO DE LA DEUDA,Gastos Devengados No Pa,,,,,,615964713,,,,615964713
2008,OE,99,Tesoro General de la Nación,99,1,654,GASTOS DEVENGADOS Y SERVICIO DE LA DEUDA,Gastos Devengados No Pa,,,,,,485877755,,,,485877755
2008,OE,99,Tesoro General de la Nación,99,1,655,GASTOS DEVENGADOS Y SERVICIO DE LA DEUDA,Gastos Devengados No Pa,,,,,,961111821,,,,961111821
2008,OE,99,Tesoro General de la Nación,99,1,656,GASTOS DEVENGADOS Y SERVICIO DE LA DEUDA,Gastos Devengados No Pa,,,,,,247119199,,,,247119199
2008,OE,99,Tesoro General de la Nación,99,1,658,GASTOS DEVENGADOS Y SERVICIO DE LA DEUDA,Gastos Devengados No Pa,,,,,,28277476,,,,28277476
2008,OE,99,Tesoro General de la Nación,99,1,659,GASTOS DEVENGADOS Y SERVICIO DE LA DEUDA,Otros Gastos Devengados,,,,,,2093810,,,,2093810
2008,OE,99,Tesoro General de la Nación,99,2,611,GASTOS DEVENGADOS Y SERVICIO DE LA DEUDA,Amortización de la Deuda P,,,,,,50000000,,,,50000000
2008,OE,99,Tesoro General de la Nación,99,2,611,GASTOS DEVENGADOS Y SERVICIO DE LA DEUDA,Amortización de la Deuda P,,,,,,91200000,,,,91200000
2008,OE,99,Tesoro General de la Nación,99,2,611,GASTOS DEVENGADOS Y SERVICIO DE LA DEUDA,Amortización de la Deuda P,,,,,,9779036,,,,9779036
2008,OE,99,Tesoro General de la Nación,99,2,611,GASTOS DEVENGADOS Y SERVICIO DE LA DEUDA,Amortización de la Deuda P,,,,,,19413818,,,,19413818
2008,OE,99,Tesoro General de la Nación,99,2,611,GASTOS DEVENGADOS Y SERVICIO DE LA DEUDA,Amortización de la Deuda P,,,,,,29888204,,,,29888204
2008,OE,99,Tesoro General de la Nación,99,2,611,GASTOS DEVENGADOS Y SERVICIO DE LA DEUDA,Amortización de la Deuda P,,,,,,35884562,,,,35884562
2008,OE,99,Tesoro General de la Nación,99,2,611,GASTOS DEVENGADOS Y SERVICIO DE LA DEUDA,Amortización de la Deuda P,,,,,,14647590,,,,14647590
2008,OE,99,Tesoro General de la Nación,99,2,611,GASTOS DEVENGADOS Y SERVICIO DE LA DEUDA,Amortización de la Deuda P,,,,,,156702353,,,,156702353
2008,OE,99,Tesoro General de la Nación,99,2,612,GASTOS DEVENGADOS Y SERVICIO DE LA DEUDA,Intereses de la Deuda Públ,,,,,,1325161,,,,1325161
2008,OE,99,Tesoro General de la Nación,99,2,612,GASTOS DEVENGADOS Y SERVICIO DE LA DEUDA,Intereses de la Deuda Públ,,,,,,275119,,,,275119
2008,OE,99,Tesoro General de la Nación,99,2,612,GASTOS DEVENGADOS Y SERVICIO DE LA DEUDA,Intereses de la Deuda Públ,,,,,,799955,,,,799955
2008,OE,99,Tesoro General de la Nación,99,2,613,GASTOS DEVENGADOS Y SERVICIO DE LA DEUDA,Comisiones y Otros Gastos,,,,,,603070,,,,603070
2008,OE,99,Tesoro General de la Nación,99,2,616,GASTOS DEVENGADOS Y SERVICIO DE LA DEUDA,Amortización de la Deuda P,,,,,,1764048,,,,1764048
2008,OE,99,Tesoro General de la Nación,99,2,616,GASTOS DEVENGADOS Y SERVICIO DE LA DEUDA,Amortización de la Deuda P,,,,,,96331516,,,,96331516
2008,OE,99,Tesoro General de la Nación,99,2,616,GASTOS DEVENGADOS Y SERVICIO DE LA DEUDA,Amortización de la Deuda P,,,,,,1238757850,,,,1238757850
2008,OE,99,Tesoro General de la Nación,99,2,617,GASTOS DEVENGADOS Y SERVICIO DE LA DEUDA,Intereses de la Deuda Públ,,,,,,1236267,,,,1236267
2008,OE,99,Tesoro General de la Nación,99,2,617,GASTOS DEVENGADOS Y SERVICIO DE LA DEUDA,Intereses de la Deuda Públ,,,,,,2763786,,,,2763786
2008,OE,99,Tesoro General de la Nación,99,2,617,GASTOS DEVENGADOS Y SERVICIO DE LA DEUDA,Intereses de la Deuda Públ,,,,,,8497851,,,,8497851
2008,OE,99,Tesoro General de la Nación,99,2,617,GASTOS DEVENGADOS Y SERVICIO DE LA DEUDA,Intereses de la Deuda Públ,,,,,,400631644,,,,400631644
2008,OE,99,Tesoro General de la Nación,99,2,617,GASTOS DEVENGADOS Y SERVICIO DE LA DEUDA,Intereses de la Deuda Públ,,,,,,1302621562,,,,1302621562
2008,OE,99,Tesoro General de la Nación,99,2,626,GASTOS DEVENGADOS Y SERVICIO DE LA DEUDA,Amortización de la Deuda P,,,,,,1712543372,,,,1712543372
2008,OE,99,Tesoro General de la Nación,99,2,627,GASTOS DEVENGADOS Y SERVICIO DE LA DEUDA,Intereses de la Deuda Públ,,,,,,987735885,,,,987735885
2008,OE,99,Tesoro General de la Nación,99,2,628,GASTOS DEVENGADOS Y SERVICIO DE LA DEUDA,Comisiones y Otros Gastos,,,,,,136742379,,,,136742379
